dataset,method,seed,epoch,train_loss,val_accuracy,val_macro_f1,val_loss,attention_density,attention_entropy,alpha_mean,alpha_std
cifar10,bottomk_softmax_0125,0,0,2.193622350692749,0.2175,0.17547565134834103,2.1037889889308383,0.1764705784264065,1.0945091559773399,nan,nan
cifar10,bottomk_softmax_0125,0,1,2.0648415088653564,0.1985,0.15441084193949656,2.1043476717812672,0.1764705784264065,1.0828477626755124,nan,nan
cifar10,bottomk_softmax_0125,0,2,2.0118234157562256,0.2265,0.2022515985409179,2.049331988607134,0.1764705784264065,1.0781146742048717,nan,nan
cifar10,bottomk_softmax_0125,0,3,2.030273199081421,0.26,0.24637909303451372,1.9933762493587674,0.1764705784264065,1.0779444376627605,nan,nan
cifar10,bottomk_softmax_0125,0,4,2.0142898559570312,0.2465,0.20987073778519547,1.9991149618512107,0.1764705784264065,1.070730759983971,nan,nan
cifar10,bottomk_softmax_0125,0,5,2.033029317855835,0.237,0.20959089473019693,1.9939470347904025,0.1764705784264065,1.0711880666869027,nan,nan
cifar10,bottomk_softmax_0125,1,0,2.2270524501800537,0.199,0.17853382884150534,2.165494589578538,0.1764705784264065,1.0889566058204287,nan,nan
cifar10,bottomk_softmax_0125,1,1,2.1193299293518066,0.233,0.1917026908910317,2.059384062176659,0.1764705784264065,1.0813258233524503,nan,nan
cifar10,bottomk_softmax_0125,1,2,2.0096993446350098,0.257,0.23670507517957978,1.97969346954709,0.1764705784264065,1.0643015106519063,nan,nan
cifar10,bottomk_softmax_0125,1,3,2.0299909114837646,0.2585,0.2247314340351633,2.0271962029593333,0.1764705784264065,1.0796318423180353,nan,nan
cifar10,bottomk_softmax_0125,1,4,2.0079519748687744,0.2775,0.2581569179807744,1.9668767906370617,0.1764705784264065,1.0712129927816845,nan,nan
cifar10,bottomk_softmax_0125,1,5,1.994537591934204,0.267,0.23884461293131803,2.0038771686099826,0.1764705784264065,1.0663673934482394,nan,nan
cifar10,bottomk_softmax_0125,2,0,2.2065417766571045,0.223,0.15930808079120756,2.114682470049177,0.1764705784264065,1.0689127700669425,nan,nan
cifar10,bottomk_softmax_0125,2,1,2.0610201358795166,0.263,0.25197150953917774,1.9889517171042306,0.1764705784264065,1.0677543765022641,nan,nan
cifar10,bottomk_softmax_0125,2,2,1.9955922365188599,0.248,0.20759896424258312,2.0100731338773454,0.1764705784264065,1.083216198853084,nan,nan
cifar10,bottomk_softmax_0125,2,3,1.9721133708953857,0.2555,0.21524356957114885,1.9648966789245605,0.1764705784264065,1.0831782562392098,nan,nan
cifar10,bottomk_softmax_0125,2,4,1.9544979333877563,0.2725,0.242380042947061,1.9446285963058472,0.1764705784264065,1.0771733692714147,nan,nan
cifar10,bottomk_softmax_0125,2,5,1.9791419506072998,0.25,0.2184270589419775,1.9979203315008254,0.1764705784264065,1.0844308535257976,nan,nan
cifar10,bottomk_softmax_0125,3,0,2.2015390396118164,0.2205,0.18281436519072067,2.0935360874448503,0.1764705784264065,1.0791449745496113,nan,nan
cifar10,bottomk_softmax_0125,3,1,2.1153478622436523,0.2165,0.17109955597821758,2.0733488230478194,0.1764705784264065,1.0711333609762645,nan,nan
cifar10,bottomk_softmax_0125,3,2,2.0356695652008057,0.236,0.21622743746103987,2.0471268040793285,0.1764705784264065,1.0775524491355533,nan,nan
cifar10,bottomk_softmax_0125,3,3,2.029973268508911,0.231,0.19717111889877764,2.0552651428041004,0.1764705784264065,1.0762717383248466,nan,nan
cifar10,bottomk_softmax_0125,3,4,2.030287265777588,0.2565,0.2259844391264652,2.042282921927316,0.1764705784264065,1.0754560345695132,nan,nan
cifar10,bottomk_softmax_0125,3,5,2.071432113647461,0.2585,0.22393243255593465,2.039534580139887,0.1764705784264065,1.0739571622439794,nan,nan
cifar10,bottomk_softmax_0125,4,0,2.2092695236206055,0.2045,0.16573925226833403,2.0922962427139282,0.1764705784264065,1.088274896144867,nan,nan
cifar10,bottomk_softmax_0125,4,1,2.0712246894836426,0.23,0.18457692821491883,2.058129214105152,0.1764705784264065,1.0864763912700472,nan,nan
cifar10,bottomk_softmax_0125,4,2,2.004873514175415,0.269,0.24160982720624608,1.9718084335327148,0.1764705784264065,1.0860156218210857,nan,nan
cifar10,bottomk_softmax_0125,4,3,1.9704502820968628,0.2835,0.2411759604419977,1.929240970384507,0.1764705784264065,1.083148255234673,nan,nan
cifar10,bottomk_softmax_0125,4,4,1.9772342443466187,0.2975,0.27240524411133504,1.9257043543316068,0.1764705784264065,1.0790704545520602,nan,nan
cifar10,bottomk_softmax_0125,4,5,1.9411131143569946,0.2755,0.269517861921698,1.9756815092904227,0.1764705784264065,1.0776603108360654,nan,nan
cifar10,bottomk_softmax_0125,5,0,2.190042018890381,0.2215,0.17320734464821164,2.1028178192320324,0.1764705784264065,1.0816230319795155,nan,nan
cifar10,bottomk_softmax_0125,5,1,2.0738565921783447,0.24,0.2121797438381249,2.0403751759302047,0.1764705784264065,1.0866917825880504,nan,nan
cifar10,bottomk_softmax_0125,5,2,2.0527729988098145,0.212,0.1720291591850037,2.007770884604681,0.1764705784264065,1.0866076406978427,nan,nan
cifar10,bottomk_softmax_0125,5,3,2.041171073913574,0.2275,0.20413922508309984,2.0474023591904413,0.1764705784264065,1.0722362030120123,nan,nan
cifar10,bottomk_softmax_0125,5,4,2.07293438911438,0.223,0.18858839436307048,2.05157402583531,0.1764705784264065,1.0821891994703383,nan,nan
cifar10,bottomk_softmax_0125,5,5,2.039118528366089,0.2435,0.22644646714788186,2.0184395086197626,0.1764705784264065,1.0734553535779316,nan,nan
cifar10,bottomk_softmax_0125,6,0,2.206239700317383,0.2125,0.17115122926241422,2.1257638306844804,0.1764705784264065,1.0864567983718145,nan,nan
cifar10,bottomk_softmax_0125,6,1,2.0546669960021973,0.245,0.22959953044227782,1.9916366736094158,0.1764705784264065,1.086565633614858,nan,nan
cifar10,bottomk_softmax_0125,6,2,1.9580016136169434,0.2755,0.2618589310755217,1.9398677008492606,0.1764705784264065,1.0911720792452495,nan,nan
cifar10,bottomk_softmax_0125,6,3,1.9418871402740479,0.2345,0.20072511226497255,2.150310510680789,0.1764705784264065,1.09100984391712,nan,nan
cifar10,bottomk_softmax_0125,6,4,1.961330771446228,0.275,0.2555622555011733,1.9327628044855028,0.1764705784264065,1.0882579372042702,nan,nan
cifar10,bottomk_softmax_0125,6,5,1.9356563091278076,0.237,0.20648323289189655,1.9748439618519373,0.1764705784264065,1.0862147070112682,nan,nan
cifar10,bottomk_softmax_0125,7,0,2.201235771179199,0.2275,0.19235835314404773,2.0379981881096247,0.1764705784264065,1.0916054475875128,nan,nan
cifar10,bottomk_softmax_0125,7,1,2.046534538269043,0.217,0.1976365969682521,2.1309421630132768,0.1764705784264065,1.0890512466430664,nan,nan
cifar10,bottomk_softmax_0125,7,2,2.0135581493377686,0.263,0.232778217244923,1.9987225532531738,0.1764705784264065,1.0877125774111067,nan,nan
cifar10,bottomk_softmax_0125,7,3,1.9950953722000122,0.223,0.19718371185201167,2.036791665213449,0.1764705784264065,1.0817938532148088,nan,nan
cifar10,bottomk_softmax_0125,7,4,1.9641282558441162,0.288,0.273483248800963,1.918475417863755,0.1764705784264065,1.0692392956642878,nan,nan
cifar10,bottomk_softmax_0125,7,5,1.9570777416229248,0.286,0.24776796094294448,1.9457123563403176,0.1764705784264065,1.0613495991343544,nan,nan
cifar10,bottomk_softmax_0125,8,0,2.18040132522583,0.217,0.1693740008752391,2.1225982961200534,0.1764705784264065,1.0950717017764138,nan,nan
cifar10,bottomk_softmax_0125,8,1,2.071213483810425,0.1915,0.17013352821517644,2.126889626185099,0.1764705784264065,1.0905377183641707,nan,nan
cifar10,bottomk_softmax_0125,8,2,2.0195488929748535,0.2505,0.20555991010194932,2.027625106629871,0.1764705784264065,1.080274292400905,nan,nan
cifar10,bottomk_softmax_0125,8,3,1.985853672027588,0.258,0.24305084475163435,2.0150114127567837,0.1764705784264065,1.0823175197555905,nan,nan
cifar10,bottomk_softmax_0125,8,4,1.9890867471694946,0.234,0.2139119065641207,2.0510455824079967,0.1764705784264065,1.0817036770638966,nan,nan
cifar10,bottomk_softmax_0125,8,5,2.0108132362365723,0.2515,0.24106154309808142,1.980616121065049,0.1764705784264065,1.0754837422143846,nan,nan
cifar10,bottomk_softmax_0125,9,0,2.214677333831787,0.226,0.1870756058066537,2.124862932023548,0.1764705784264065,1.094318932011014,nan,nan
cifar10,bottomk_softmax_0125,9,1,2.077937364578247,0.2665,0.23020223935104417,1.9519190390904744,0.1764705784264065,1.0869071057864599,nan,nan
cifar10,bottomk_softmax_0125,9,2,2.017725944519043,0.239,0.19473459001357188,2.034298828669957,0.1764705784264065,1.088045401232583,nan,nan
cifar10,bottomk_softmax_0125,9,3,2.016814947128296,0.249,0.2129716202658877,2.020883458001273,0.1764705784264065,1.0809000929196675,nan,nan
cifar10,bottomk_softmax_0125,9,4,2.0018727779388428,0.2465,0.22921155770368912,1.9728347346896218,0.1764705784264065,1.0780084076381864,nan,nan
cifar10,bottomk_softmax_0125,9,5,1.9967509508132935,0.2775,0.2604680977765661,1.9170544374556768,0.1764705784264065,1.0759090667679196,nan,nan
cifar10,bottomk_softmax_025,0,0,2.1952836513519287,0.227,0.1850297971843205,2.073231407574245,0.2941176309472039,1.6058547638711476,nan,nan
cifar10,bottomk_softmax_025,0,1,2.0513651371002197,0.228,0.1764089851908493,2.052239497502645,0.2941176309472039,1.5975461431912013,nan,nan
cifar10,bottomk_softmax_025,0,2,2.0483474731445312,0.2125,0.1826649734326305,2.083063534327916,0.2941176309472039,1.59307480993725,nan,nan
cifar10,bottomk_softmax_025,0,3,2.050166368484497,0.2305,0.20078942913639253,2.0483455941790627,0.29411677377564566,1.5620036380631583,nan,nan
cifar10,bottomk_softmax_025,0,4,2.043152332305908,0.205,0.17886920831863018,2.0391663085846674,0.2941174166543143,1.5487267318226041,nan,nan
cifar10,bottomk_softmax_025,0,5,2.0124757289886475,0.272,0.24894454014876288,1.9680499462854295,0.2941159166040875,1.5029224724996657,nan,nan
cifar10,bottomk_softmax_025,1,0,2.2169861793518066,0.1935,0.17244629817127516,2.1251154172988165,0.2941176309472039,1.5920657345226832,nan,nan
cifar10,bottomk_softmax_025,1,1,2.1149349212646484,0.2225,0.1970615717509939,2.082816651889256,0.2941176309472039,1.5636501624470664,nan,nan
cifar10,bottomk_softmax_025,1,2,2.078112840652466,0.2105,0.16613031796481667,2.0821372951780046,0.2941176309472039,1.512109535081046,nan,nan
cifar10,bottomk_softmax_025,1,3,2.0395405292510986,0.268,0.24608788882502047,1.9989832582927884,0.29411505659421283,1.5247431596120198,nan,nan
cifar10,bottomk_softmax_025,1,4,2.005580425262451,0.2615,0.2493589963716638,2.0276603358132497,0.2941174166543143,1.4357846890177046,nan,nan
cifar10,bottomk_softmax_025,1,5,2.0204594135284424,0.2615,0.22510205878648248,2.045359901019505,0.2941176309472039,1.489825257233211,nan,nan
cifar10,bottomk_softmax_025,2,0,2.2022507190704346,0.211,0.1496489478339246,2.1453140009017218,0.2941176309472039,1.5974701813289098,nan,nan
cifar10,bottomk_softmax_025,2,1,2.0382604598999023,0.253,0.23174667436420227,2.0254181793757846,0.2941176309472039,1.592411098026094,nan,nan
cifar10,bottomk_softmax_025,2,2,2.02573823928833,0.2445,0.21662636460514037,2.0254276593526206,0.2941176309472039,1.5803383446875072,nan,nan
cifar10,bottomk_softmax_025,2,3,2.0324227809906006,0.2335,0.18177225018301307,2.015006258374169,0.2941176309472039,1.5601192996615456,nan,nan
cifar10,bottomk_softmax_025,2,4,1.9954760074615479,0.263,0.23888487214093873,2.0072643700100126,0.2941176309472039,1.5379640715462821,nan,nan
cifar10,bottomk_softmax_025,2,5,1.9977059364318848,0.2845,0.2603320539484249,1.9664771897452218,0.2941176309472039,1.5396812387875147,nan,nan
cifar10,bottomk_softmax_025,3,0,2.2265796661376953,0.184,0.1251937138514667,2.1614304270063127,0.2941176309472039,1.5977101524670918,nan,nan
cifar10,bottomk_softmax_025,3,1,2.087200164794922,0.2125,0.17482447180678612,2.0522832643418085,0.2941176309472039,1.5822425144059318,nan,nan
cifar10,bottomk_softmax_025,3,2,2.0477712154388428,0.2185,0.18597023345741087,2.058347599846976,0.2941176309472039,1.5706391362916856,nan,nan
cifar10,bottomk_softmax_025,3,3,2.072223663330078,0.214,0.17678927313254925,2.1162563392094205,0.2941176309472039,1.5434210272062392,nan,nan
cifar10,bottomk_softmax_025,3,4,2.0549275875091553,0.2075,0.14745683175709007,2.0694622482572282,0.2941176309472039,1.5350818435351055,nan,nan
cifar10,bottomk_softmax_025,3,5,2.034271478652954,0.2715,0.24043902620987306,1.9758925381160917,0.29411677306606654,1.5277107045764016,nan,nan
cifar10,bottomk_softmax_025,4,0,2.2187318801879883,0.1975,0.1492251096639708,2.1179507346380326,0.2941176309472039,1.5963991653351557,nan,nan
cifar10,bottomk_softmax_025,4,1,2.086662769317627,0.1945,0.12539097416238756,2.1147286664871943,0.2941176309472039,1.5576687852541606,nan,nan
cifar10,bottomk_softmax_025,4,2,2.045651435852051,0.238,0.19581786303434492,2.0136572065807523,0.2941176309472039,1.548213073185512,nan,nan
cifar10,bottomk_softmax_025,4,3,2.0299582481384277,0.2475,0.2086972940923213,2.0185871237800237,0.29411351467881885,1.535730432896387,nan,nan
cifar10,bottomk_softmax_025,4,4,1.9859809875488281,0.2645,0.220885644819295,1.9528958173025222,0.2941152715966815,1.528395332041241,nan,nan
cifar10,bottomk_softmax_025,4,5,1.9648231267929077,0.2815,0.2773951066537908,1.961776852607727,0.2941176309472039,1.5380860169728596,nan,nan
cifar10,bottomk_softmax_025,5,0,2.19279146194458,0.2295,0.1790858497800341,2.0977769068309238,0.2941176309472039,1.5976988957041787,nan,nan
cifar10,bottomk_softmax_025,5,1,2.0816810131073,0.261,0.24948123441288667,1.9958997510728382,0.2941176309472039,1.5843435497511,nan,nan
cifar10,bottomk_softmax_025,5,2,2.0576224327087402,0.2225,0.19012654255923672,2.0525644506726946,0.29411351396923974,1.5657534230323065,nan,nan
cifar10,bottomk_softmax_025,5,3,2.049116849899292,0.233,0.21419045968864095,2.008655831927345,0.2941176309472039,1.5584428168478466,nan,nan
cifar10,bottomk_softmax_025,5,4,2.0500829219818115,0.2205,0.18977918381555664,2.048282339459374,0.2941176309472039,1.5682715660049802,nan,nan
cifar10,bottomk_softmax_025,5,5,2.0499792098999023,0.2185,0.18205813050933978,2.051383211499169,0.2941176309472039,1.5189335232689267,nan,nan
cifar10,bottomk_softmax_025,6,0,2.213003158569336,0.1965,0.15315964743118726,2.157342479342506,0.2941176309472039,1.588358992622012,nan,nan
cifar10,bottomk_softmax_025,6,1,2.0861191749572754,0.236,0.2056430047440565,2.049496679078965,0.2941176309472039,1.592857295558566,nan,nan
cifar10,bottomk_softmax_025,6,2,1.98207426071167,0.241,0.19590625042974869,2.042022182827904,0.2941176309472039,1.571370766276405,nan,nan
cifar10,bottomk_softmax_025,6,3,2.0062687397003174,0.234,0.19286442451249558,2.1184692950475785,0.2941176309472039,1.5752043894359045,nan,nan
cifar10,bottomk_softmax_025,6,4,2.0354020595550537,0.2635,0.24406596105773395,2.0235212303343273,0.2941174166543143,1.5443963351703824,nan,nan
cifar10,bottomk_softmax_025,6,5,1.9762399196624756,0.282,0.25346630965973094,1.9490292867024739,0.2941176309472039,1.5451872632617043,nan,nan
cifar10,bottomk_softmax_025,7,0,2.1978201866149902,0.2375,0.18536188519886082,2.0486154840106057,0.2941176309472039,1.5983179949578785,nan,nan
cifar10,bottomk_softmax_025,7,1,2.0667684078216553,0.198,0.14862671199530303,2.1156156687509444,0.2941176309472039,1.5833043626376562,nan,nan
cifar10,bottomk_softmax_025,7,2,2.060695171356201,0.2275,0.18508171017111527,2.065394560496012,0.2941176309472039,1.5783541003863018,nan,nan
cifar10,bottomk_softmax_025,7,3,2.0536434650421143,0.253,0.23887560755117251,2.0046971411932084,0.2941176309472039,1.5500506389708746,nan,nan
cifar10,bottomk_softmax_025,7,4,1.9888567924499512,0.2795,0.2559920936667105,1.9363599050612676,0.29411591518492924,1.529267254329863,nan,nan
cifar10,bottomk_softmax_025,7,5,1.9778869152069092,0.29,0.26314129336230263,1.9175764662878854,0.29408450779460726,1.4402597887175423,nan,nan
cifar10,bottomk_softmax_025,8,0,2.1778297424316406,0.2085,0.15715977485478633,2.121015202431452,0.2941176309472039,1.6019347877729506,nan,nan
cifar10,bottomk_softmax_025,8,1,2.073371410369873,0.1795,0.15697001098732138,2.1703976676577614,0.2941176309472039,1.590868280047462,nan,nan
cifar10,bottomk_softmax_025,8,2,2.054222345352173,0.242,0.21832017247386654,2.0468052455357144,0.2941174166543143,1.580401605083829,nan,nan
cifar10,bottomk_softmax_025,8,3,2.0315442085266113,0.2365,0.21011435575366272,2.0645135243733725,0.29411720236142475,1.5776698220343817,nan,nan
cifar10,bottomk_softmax_025,8,4,1.9766266345977783,0.2785,0.2549826471253123,1.9664726030258906,0.2941108984606607,1.5484103163083394,nan,nan
cifar10,bottomk_softmax_025,8,5,1.9739164113998413,0.2695,0.2616745115753928,1.9610189256213961,0.2941169880685352,1.5425015886624653,nan,nan
cifar10,bottomk_softmax_025,9,0,2.214211940765381,0.2405,0.19991203654658488,2.078865187508719,0.2941176309472039,1.5995892655281794,nan,nan
cifar10,bottomk_softmax_025,9,1,2.0909836292266846,0.2335,0.19464418576737447,2.031220964023045,0.2941176309472039,1.577659751687731,nan,nan
cifar10,bottomk_softmax_025,9,2,2.0742781162261963,0.215,0.15399791169164154,2.070013341449556,0.2941176309472039,1.545568312917437,nan,nan
cifar10,bottomk_softmax_025,9,3,2.0375821590423584,0.261,0.22400043018145235,1.9781331561860585,0.2941176309472039,1.5476827224095662,nan,nan
cifar10,bottomk_softmax_025,9,4,1.992712378501892,0.251,0.22488135505019544,2.0365163201377507,0.2941176309472039,1.5591022372245789,nan,nan
cifar10,bottomk_softmax_025,9,5,2.0189459323883057,0.289,0.25689258061858006,1.9278647161665416,0.2941176309472039,1.5642122172174,nan,nan
