path,size_bytes,sha256
.gitattributes,45,8df22cc43d34bc5cf0e2ae4d1cd11a28ad8073b0e53f3ad51d1d693516d12b32
.gitignore,91,3dcd73f7bab0f38e2f64956664f7190c92170956eada60dc843a33f635b59e8b
CITATION.cff,436,fbf117ce55aa9e6da4f1a5f01600808b381631ae9ab793ea936c255294e1f680
LICENSE,1068,77b0c416b28904375d5b49278712fb8aecd41970f2ad74aaf5f8ccc83e18b166
README.md,4570,544499dccd10f68c8b5a748e417f91014fa128435815ed11b9e423ca036ca213
docs/DATASETS_AND_LICENSES.md,1782,b60ce4c8ff3fb5225a02a45ec1ac0a79f13d1639b619c6fe44b5d887abaceecf
docs/PACKAGE_STATUS.md,3814,9683dd0c07c573154a0c0ccc2dfb03c3cd4c1295fc4cf4ab23817bcd3721d11f
replication_package/README.md,1906,f0aae45eb2f0fd55ec33dced5a690f7b9921975f436dafb5f0b5da5ef00c5639
replication_package/REPRODUCIBILITY.md,1382,3f0a50f41dcbb9525a70972cceec2a2ee6bb265bd809c34c90746f9ed24c9dc3
replication_package/code/benchmark.py,25671,4d47efc1754960cdf48bf717d6b93351b72b04833a847c4f3d604e4f135ac8ea
replication_package/code/build_results_artifacts.py,16516,58471ceb3fa8cd58137aa78c643f1e70e1b933f4a6c98c3c03eebf6275426ad8
replication_package/figures/figure_accuracy_by_dataset.pdf,16908,79c7ab23a214895340eeee724c5161918a7e20774f3dd4200d3ff0f750470e0d
replication_package/figures/figure_accuracy_by_dataset.png,40860,ce79eb1fba4b65ccaf12fd78b261d8e1624d45ba6b41957c26bc8950ed3c5607
replication_package/figures/figure_density_accuracy.pdf,18789,00e67f46ee91d1584dd4326975d6a0374f20fc586eea93e1b7186d71275d5f02
replication_package/figures/figure_density_accuracy.png,58308,05ca494025913f2321952c662e5456938d58ba8aef6d161677178be2da9fee20
replication_package/r1_neural_networks/MANIFEST.csv,9372,e6d4034a6274099a6090476443a9e954b2afefcbfd3c74e8b1ec2d6929952b26
replication_package/r1_neural_networks/README.md,2997,eaba9a3a7a851d031c8024567f291a066c3413fa2f172512b83281a071cdc08b
replication_package/r1_neural_networks/code/benchmark_r1.py,34636,ee2c60761260000972fefc894003d62ac5571255ec1aa0b62e5dee69269649d3
replication_package/r1_neural_networks/code/datasets_r1.py,8471,c0d2e439b04d8b90e5e6907012bd383760709727f6a124fc14004499593a9d94
replication_package/r1_neural_networks/code/test_eval_r1.py,12671,40e635e6b094af93583a860865d0c55a5fbe0993ed5baf951e8b2e9cb8a7482b
replication_package/r1_neural_networks/docs/DESIGN_DECISIONS.md,4838,9d02ceef7df2c220aeaab09f62ff2e0db6a4ebddf4f211cf1f08c91b93b59a84
replication_package/r1_neural_networks/environment.json,508,f315a4dd2441f13f5265ec67c07aa36107a6024f964bcc64af3e7fe1da12f02b
replication_package/r1_neural_networks/outputs/processed/r1_select_20260817_165439_masksmoke_epoch_predictors.csv,1220,532425a4c0034daec97274efc3d6f04f51f7c6a6c527be35f22a994e4e1ff3f3
replication_package/r1_neural_networks/outputs/processed/r1_select_20260817_171644_speedtest_epoch_predictors.csv,7847,389af294029f299d0cfc13d9ad90f167bdceb7ffa90ab374e780f56a3c190eea
replication_package/r1_neural_networks/outputs/processed/r1_select_20260817_172020_allpaths_epoch_predictors.csv,3351,7e977b23f7e4f304afbba971fc9d40d55fce5f52ccc91cd24a497ea87e335d7a
replication_package/r1_neural_networks/outputs/processed/r1_select_20260817_172222_grid_compact_epoch_predictors.csv,832116,57881c7ec0d9a7395692120040b5c2e8c66d1cdc1c62bbfcab962943774f8028
replication_package/r1_neural_networks/outputs/processed/r1_select_20260817_214343_grid_kmnist_epoch_predictors.csv,72678,88cc186ae6c243b09bbc43be7b94795b0310779ef813980842d22f211d8a7318
replication_package/r1_neural_networks/outputs/processed/r1_select_20260817_220842_grid_cifar10_epoch_predictors.csv,275755,9cc6882a5296520752082f4c9676e167fc193b824b580f13cb511ff8db8b1a4c
replication_package/r1_neural_networks/outputs/processed/r1_select_20260817_232932_grid_cifar100_epoch_predictors.csv,284371,8a2d8cf6e12030537c4e6a486b5f4da042d9edf78a6d0129eac927b4d8755a79
replication_package/r1_neural_networks/outputs/processed/r1_select_20260818_005134_grid_twenty_news_epoch_predictors.csv,226079,6574a0da80713942e8597b7164986ce55637545052a228185683dab6b32e5f32
replication_package/r1_neural_networks/outputs/processed/r1_select_20260818_012421_grid_synthetic_marker_epoch_predictors.csv,96009,2f551b3aa441001991e8dddee8430c76f7430d833099303434535db8e68080c6
replication_package/r1_neural_networks/outputs/processed/r1_select_20260818_091116_repair_kmnist_epoch_predictors.csv,5714,6acfdfe6f4b3f4664258ae3a6bb4ab54fcf45b7733e4d12f0765c7c2d4bda872
replication_package/r1_neural_networks/outputs/processed/r1_select_20260818_091238_repair_cifar10_epoch_predictors.csv,16865,b3f39d254af7dd0d373b6d580131200d4bf6118a0a1fbf57acd8808804bb07d4
replication_package/r1_neural_networks/outputs/processed/r1_select_20260818_091752_repair_cifar100_epoch_predictors.csv,13626,24ee93ebe9a10e302373ad2e3367e5fcbff1a8aefcae3d0e0edeb7c3975014f4
replication_package/r1_neural_networks/outputs/processed/r1_select_20260818_092115_repair_twenty_news_epoch_predictors.csv,24760,dcc706467e88cdbf64f8ad52566fccdd8b18cc03299d92fb08c5bf6108f28029
replication_package/r1_neural_networks/outputs/processed/r1_select_20260818_092452_repair_synthetic_marker_epoch_predictors.csv,3548,d33d377bc903164b7e29e2f66110a65fbcab7c91558b8b5fc142c11dc3d6d283
replication_package/r1_neural_networks/outputs/processed/r1_select_20260818_152327_sweep_r0corner_epoch_predictors.csv,59013,098363284f68c6ff37484366d21f1d802a30f99776c048a71d21d4b9a02499da
replication_package/r1_neural_networks/outputs/processed/r1_select_20260818_152543_sweep_trainA_10k_epoch_predictors.csv,171138,cbc7688478173cf6b4959c8389e5215982827ab6ecb9d74f6bb9b8cd035ca58d
replication_package/r1_neural_networks/outputs/processed/r1_select_20260818_153502_sweep_epochB_06_epoch_predictors.csv,40194,054c749255937c484ccdcee2fd7b84fdaaf1746a994c6ec4e44a3ad65ff3a861
replication_package/r1_neural_networks/outputs/processed/r1_select_20260818_154609_sweep_epochB_12_epoch_predictors.csv,80358,a2eec6210a462fb50a5c5c28a199809bcc6edaed83781f3ad94448a84116f8ed
replication_package/r1_neural_networks/outputs/processed/r1_select_20260818_160805_sweep_patchC_8_epoch_predictors.csv,197988,5c8b277cb460b3b87b002dd1c3d5ce5f64a0254ce968e4c79980b094547977a3
replication_package/r1_neural_networks/outputs/processed/r1_select_20260818_162131_sweep_batchD_96_epoch_predictors.csv,194267,2e2dec7484d60743b359d59aa9cf7963f92e8355dfe778aa1e7a81efe591a922
replication_package/r1_neural_networks/outputs/processed/r1_select_20260818_170355_sweep_bk_r0corner_epoch_predictors.csv,17130,ab7cf35cdefdab5f48466a5287af3a006c25d8c96933bfef42e36e03f111de9f
replication_package/r1_neural_networks/outputs/processed/r1_select_20260818_170424_sweep_bk_r1full_epoch_predictors.csv,29605,0c3a366763bc771640880569f2fb35faae24e0c06e110cb640d63aa89872c0bb
replication_package/r1_neural_networks/outputs/processed/r1_select_20260818_171021_ladder_ep3_epoch_predictors.csv,20146,3ae278b03e5ba9ffa7f79e3e85b6f289f1192e0066b0d69edf4db6ffaab2f4d8
replication_package/r1_neural_networks/outputs/processed/r1_select_20260818_171603_ladder_ep6_epoch_predictors.csv,40194,054c749255937c484ccdcee2fd7b84fdaaf1746a994c6ec4e44a3ad65ff3a861
replication_package/r1_neural_networks/outputs/processed/r1_select_20260818_172709_ladder_ep9_epoch_predictors.csv,60246,736b14562244e70b1d3c067092c73dde2cb3f7d32dd283738dec40ea21f8a4a6
replication_package/r1_neural_networks/outputs/processed/r1_select_20260818_174339_ladder_ep12_epoch_predictors.csv,80358,a2eec6210a462fb50a5c5c28a199809bcc6edaed83781f3ad94448a84116f8ed
replication_package/r1_neural_networks/outputs/processed/r1_select_20260818_180534_ladder_ep18_epoch_predictors.csv,120742,7a3e68e9aeb02979b686a4c22ac9e2c53b786b2fbd55cb427248199cad9b23d6
replication_package/r1_neural_networks/outputs/processed/r1_select_20260818_183817_ladder_ep24_epoch_predictors.csv,161131,34b29a1d53bb8d5a7f7a93302916399f155ae45de5f7a4dd0408ab9be8f0f1b0
replication_package/r1_neural_networks/outputs/processed/r1_select_20260818_192148_ladder_ep30_epoch_predictors.csv,201505,2c24f08e80c83cb255af3f912800c08f56693e3a7b1a2d1f5cd1b03223ea9c52
replication_package/r1_neural_networks/outputs/raw/r1_select_20260817_165439_masksmoke.jsonl,6472,b39732532751a5ae86b0548d130afff1bae1222af5641423a5252908133aa538
replication_package/r1_neural_networks/outputs/raw/r1_select_20260817_165604_pilot_cifar10.jsonl,16778,ae8c73e3dd5e013a6d5b1d5226b422642afb9c76c59f28a8d9dc43ccec4fa98e
replication_package/r1_neural_networks/outputs/raw/r1_select_20260817_171644_speedtest.jsonl,16687,461f4704fbb72c47d0cdd411075076744c119ec43bc81b33736381cbe9c4cb68
replication_package/r1_neural_networks/outputs/raw/r1_select_20260817_172020_allpaths.jsonl,19189,57a7e2d8abf4876b1023beec4b0a1df12969d21c35b1262a45039b0aadc85e6f
replication_package/r1_neural_networks/outputs/raw/r1_select_20260817_172222_grid_compact.jsonl,2185130,bb42a85402982b138eceaf32981d6f1e4944284f122272da2d4e9def8a5f581a
replication_package/r1_neural_networks/outputs/raw/r1_select_20260817_214343_grid_kmnist.jsonl,133875,b05055f3b72f046d5bc750cb45f81babba80ecb77e28d015b6849fb242cdabf8
replication_package/r1_neural_networks/outputs/raw/r1_select_20260817_220842_grid_cifar10.jsonl,556771,53178a97d755e6716cd2918602d3f6cef73671f3a783ae23d234bfe284b2b6d7
replication_package/r1_neural_networks/outputs/raw/r1_select_20260817_232932_grid_cifar100.jsonl,570664,23a4ec7fbf17101049928319d0300937e1042896ab8bd98b7effdd1c97dbec1e
replication_package/r1_neural_networks/outputs/raw/r1_select_20260818_005134_grid_twenty_news.jsonl,436949,389bef08dc794311867f0548ec1e50b33207482f3da23bf384e4a25981567a9b
replication_package/r1_neural_networks/outputs/raw/r1_select_20260818_012421_grid_synthetic_marker.jsonl,211985,c01f256319f4ea1d5887fe311b086230c63f693a499945b1badf406d08661734
replication_package/r1_neural_networks/outputs/raw/r1_select_20260818_091116_repair_kmnist.jsonl,9715,22b72a7a7ee757d5ef68fdcb624578792db30708ae9c2200443b9e18c86890c0
replication_package/r1_neural_networks/outputs/raw/r1_select_20260818_091238_repair_cifar10.jsonl,33813,505a3cb4b5da5c5652ae7038172a0a9dca0a230023144996ccfba9d204b3e2e7
replication_package/r1_neural_networks/outputs/raw/r1_select_20260818_091752_repair_cifar100.jsonl,26413,0754ddcc972bf8c13fe0fffd10038673eb83c1e06f7ef669a1c817f18a2636bc
replication_package/r1_neural_networks/outputs/raw/r1_select_20260818_092115_repair_twenty_news.jsonl,48105,c832768fcf04a84528a7107a2992a32e521822824140f318c6eb4b0b892c5376
replication_package/r1_neural_networks/outputs/raw/r1_select_20260818_092452_repair_synthetic_marker.jsonl,8099,512ae4b4d1254ff879fa88fc546a7ae6f243b7ad317d1feef92c53586ac0f6da
replication_package/r1_neural_networks/outputs/raw/r1_select_20260818_152327_sweep_r0corner.jsonl,160324,a7878edf4a7790164c085016d5596bea7830315ad321feafc7603cb39dc482cc
replication_package/r1_neural_networks/outputs/raw/r1_select_20260818_152543_sweep_trainA_10k.jsonl,363933,e7b69fe45f5430889a3b9c080160a6444e7c9f7e63188a7e154c6dd76563e86e
replication_package/r1_neural_networks/outputs/raw/r1_select_20260818_153500_sweep_trainA_20k.jsonl,0,e3b0c44298fc1c149afbf4c8996fb92427ae41e4649b934ca495991b7852b855
replication_package/r1_neural_networks/outputs/raw/r1_select_20260818_153501_sweep_trainA_31k.jsonl,0,e3b0c44298fc1c149afbf4c8996fb92427ae41e4649b934ca495991b7852b855
replication_package/r1_neural_networks/outputs/raw/r1_select_20260818_153502_sweep_epochB_06.jsonl,113196,20e3e60d4609c5622f54554fd7ae6834f1fa6459d1eaca04af61e8ae16097919
replication_package/r1_neural_networks/outputs/raw/r1_select_20260818_154609_sweep_epochB_12.jsonl,190920,9bcf983cf570b0f4bf2e66797c3b7fffe6709c4c047cbf7aa1c55c081358a930
replication_package/r1_neural_networks/outputs/raw/r1_select_20260818_160805_sweep_patchC_8.jsonl,417517,6d17db1266f91c7ce879bd615eacf4f9122ffc00afce1c380cc16ce93c726825
replication_package/r1_neural_networks/outputs/raw/r1_select_20260818_162131_sweep_batchD_96.jsonl,410144,0b7e0bc2dcb198c831d57b17c71b73af53b78769b602d972eed31d2d7bc1e18b
replication_package/r1_neural_networks/outputs/raw/r1_select_20260818_170355_sweep_bk_r0corner.jsonl,45794,4ca91e8c9b828aa3d9bca024b226a08a1b8ca65f1cd805af86d48d418b9fef3c
replication_package/r1_neural_networks/outputs/raw/r1_select_20260818_170424_sweep_bk_r1full.jsonl,68513,0ecdc3f5d6aab3b05f856c5caced89871cb7bffd8b8150f3611781ebc17ef7e8
replication_package/r1_neural_networks/outputs/raw/r1_select_20260818_171021_ladder_ep3.jsonl,75437,7f1259fb15fd9e9ce273b89f05e97ab11f1b280105f3477a58851f5eb55b9772
replication_package/r1_neural_networks/outputs/raw/r1_select_20260818_171603_ladder_ep6.jsonl,114148,ef902c4d29d6021707125344ab6dafe640567dd7669e0e6fa0edf5c22e445a60
replication_package/r1_neural_networks/outputs/raw/r1_select_20260818_172709_ladder_ep9.jsonl,152931,732ada35b94b8b682cb16b5a0463a4637003e317abeced68f5b41f8bbccfbbee
replication_package/r1_neural_networks/outputs/raw/r1_select_20260818_174339_ladder_ep12.jsonl,191869,913aa49ad661944cd394ab11af8bd881ebb722509e68bbb4b1c564115d8d307d
replication_package/r1_neural_networks/outputs/raw/r1_select_20260818_180534_ladder_ep18.jsonl,269632,db5f60a750358972080566ea8eee78a4c7c5d2026c78a7f2266e23f7c4ce1c5d
replication_package/r1_neural_networks/outputs/raw/r1_select_20260818_183817_ladder_ep24.jsonl,347384,709a47ffe45af4a8a012a4eabadf515245b4b942fa33bdc55e1143d5f334ebf8
replication_package/r1_neural_networks/outputs/raw/r1_select_20260818_192148_ladder_ep30.jsonl,425150,1078e5a0829871c8b86c7e6da95c1767fd1255db6a21fbd4f542c5e3ea194cd8
replication_package/r1_neural_networks/outputs/selection.json,4024,1d218741e6b4747d2b6a891173082543dcf759ad7f07ea013d11561bc5a5a9c4
replication_package/r1_neural_networks/outputs/test/r1_test_20260818_092550.jsonl,167000,2c16dd136b9dc6cd4433de63b3377ac5d68ce4c4e466f04af90ea373bfccd702
replication_package/r1_neural_networks/requirements.txt,89,841c488c2ece5152c185e5003e16227dddaf6ad78171fe05f86f34cec2b18a54
replication_package/requirements.txt,113,3018ebd4fdd989ee7bed4b8e2758b7beae82e60b7c839deba98f67c6aabd64c4
replication_package/results/kmnist_followup_paired_tests.csv,2998,da21da960208da7527017a2bc73da9c57e5e6d56277450b68eeaa6bdbe180d16
replication_package/results/kmnist_followup_runs.csv,19948,d7b64796469441319f1ff9c54507528f4ab3f1e87c4924b9f6b5608d68f66b9a
replication_package/results/kmnist_followup_summary.csv,1542,667c66079fd95068158ea0acb3a5db7f4a67fdaa34ec4067b42287cd0cd224fe
replication_package/results/main_combined_descriptive_summary.csv,8714,2961ac48d9bd35ee27932067e5b53db26ad3a0688a1ca04f4b0be5a64d5cb913
replication_package/results/main_combined_runs.csv,79507,4e69b459a960fd6b6ea3b8206d007458b24215cbf19f3b0a56d20b2f8827b8e5
replication_package/results/main_hae_vs_entmax15.csv,1343,9e410dd40e116a994efbf0dbc0031cbc708646db1135b7393366a93f5ac25523
replication_package/results/main_paired_vs_softmax.csv,6873,cac2c90bd27ad15f247126da1b20838ec7ebdfde0db438a5ba3f4b50332c0f6c
replication_package/tables/table_hae_vs_entmax.tex,453,ea743a89a26d66840b8cf2604fd1b8f70c1e96549a2249fcb55c63aec65886ac
replication_package/tables/table_kmnist_followup.tex,875,abbe5e70d450585686f8c9923ec1cfc18e3cbadb684c2fb81e2584b4682125d2
replication_package/tables/table_main_results.tex,2429,6536b0a771d11eb04914d311aeae41e683f69249acb7aa9345596e4922ddf31d
replication_package/tables/table_paired_vs_softmax.tex,943,05b622e1a28aa4b20047497181bd42f5ba05221c2c2ebf4fc2438bfc7e0a26b5
replication_package/tables/table_runtime_summary.tex,897,e8419d8b7e66816a97cd49029c570ece4cf17e2dd92af344076e0fe4c11c2a07
