dataset,method,metric,score_mean,score_sample_sd,paired_delta_n,paired_delta_mean,paired_delta_sample_sd,paired_delta_min,paired_delta_max,paired_delta_nominal_unadjusted_t95_lower,paired_delta_nominal_unadjusted_t95_upper
cifar10,entmax15,val_accuracy,0.57407,0.009886135072244692,10,-0.005440000000000012,0.008501137178832784,-0.022499999999999964,0.010599999999999943,-0.011521347189632276,0.0006413471896322539
cifar10,entmax15,val_macro_f1,0.570327000422229,0.009621248578102386,10,-0.00549473303821858,0.009542567548807243,-0.022157281447231503,0.014489791435688959,-0.012321074635118067,0.0013316085586809068
cifar10,softmax,val_accuracy,0.57951,0.0070528875095398035,10,0.0,0.0,0.0,0.0,0.0,0.0
cifar10,softmax,val_macro_f1,0.5758217334604476,0.008211622821086879,10,0.0,0.0,0.0,0.0,0.0,0.0
cifar10,sparsemax,val_accuracy,0.5766,0.010527002316793599,10,-0.0029099999999999794,0.010786457558747747,-0.01859999999999995,0.00990000000000002,-0.010626166905800311,0.004806166905800352
cifar10,sparsemax,val_macro_f1,0.5740816555875754,0.010981587787775344,10,-0.0017400778728722365,0.011844438054846357,-0.020050260956271826,0.012070212564782912,-0.010213078432957679,0.006732922687213206
cifar10,topk_softmax_0125,val_accuracy,0.58187,0.007528471882718902,10,0.0023600000000000175,0.007360887627634793,-0.006700000000000039,0.01880000000000004,-0.0029056617986326604,0.007625661798632695
cifar10,topk_softmax_0125,val_macro_f1,0.580155671323352,0.008372332868350945,10,0.004333937862904369,0.00771226300270525,-0.005947417869686444,0.016591964181964514,-0.0011830827368792029,0.00985095846268794
cifar10,topk_softmax_025,val_accuracy,0.58647,0.007914129417974201,10,0.0069600000000000104,0.0072607315211500765,-0.0037000000000000366,0.017199999999999993,0.0017659855638180776,0.012154014436181942
cifar10,topk_softmax_025,val_macro_f1,0.5834546598239196,0.009076332641835485,10,0.0076329263634720475,0.008336033144350077,-0.004414575523570052,0.01998658626593408,0.0016696874851135236,0.013596165241830572
