dataset,tier,method,seed,budget,reference_budget,epoch_log_prefix_exact_all_fields
cifar10,compact,entmax15,0,3,30,1
cifar10,compact,entmax15,1,3,30,1
cifar10,compact,entmax15,2,3,30,1
cifar10,compact,entmax15,3,3,30,1
cifar10,compact,entmax15,4,3,30,1
cifar10,compact,entmax15,5,3,30,1
cifar10,compact,entmax15,6,3,30,1
cifar10,compact,entmax15,7,3,30,1
cifar10,compact,entmax15,8,3,30,1
cifar10,compact,entmax15,9,3,30,1
cifar10,compact,softmax,0,3,30,1
cifar10,compact,softmax,1,3,30,1
cifar10,compact,softmax,2,3,30,1
cifar10,compact,softmax,3,3,30,1
cifar10,compact,softmax,4,3,30,1
cifar10,compact,softmax,5,3,30,1
cifar10,compact,softmax,6,3,30,1
cifar10,compact,softmax,7,3,30,1
cifar10,compact,softmax,8,3,30,1
cifar10,compact,softmax,9,3,30,1
cifar10,compact,sparsemax,0,3,30,1
cifar10,compact,sparsemax,1,3,30,1
cifar10,compact,sparsemax,2,3,30,1
cifar10,compact,sparsemax,3,3,30,1
cifar10,compact,sparsemax,4,3,30,1
cifar10,compact,sparsemax,5,3,30,1
cifar10,compact,sparsemax,6,3,30,1
cifar10,compact,sparsemax,7,3,30,1
cifar10,compact,sparsemax,8,3,30,1
cifar10,compact,sparsemax,9,3,30,1
cifar10,compact,topk_softmax_0125,0,3,30,1
cifar10,compact,topk_softmax_0125,1,3,30,1
cifar10,compact,topk_softmax_0125,2,3,30,1
cifar10,compact,topk_softmax_0125,3,3,30,1
cifar10,compact,topk_softmax_0125,4,3,30,1
cifar10,compact,topk_softmax_0125,5,3,30,1
cifar10,compact,topk_softmax_0125,6,3,30,1
cifar10,compact,topk_softmax_0125,7,3,30,1
cifar10,compact,topk_softmax_0125,8,3,30,1
cifar10,compact,topk_softmax_0125,9,3,30,1
cifar10,compact,topk_softmax_025,0,3,30,1
cifar10,compact,topk_softmax_025,1,3,30,1
cifar10,compact,topk_softmax_025,2,3,30,1
cifar10,compact,topk_softmax_025,3,3,30,1
cifar10,compact,topk_softmax_025,4,3,30,1
cifar10,compact,topk_softmax_025,5,3,30,1
cifar10,compact,topk_softmax_025,6,3,30,1
cifar10,compact,topk_softmax_025,7,3,30,1
cifar10,compact,topk_softmax_025,8,3,30,1
cifar10,compact,topk_softmax_025,9,3,30,1
cifar10,compact,entmax15,0,6,30,1
cifar10,compact,entmax15,1,6,30,1
cifar10,compact,entmax15,2,6,30,1
cifar10,compact,entmax15,3,6,30,1
cifar10,compact,entmax15,4,6,30,1
cifar10,compact,entmax15,5,6,30,1
cifar10,compact,entmax15,6,6,30,1
cifar10,compact,entmax15,7,6,30,1
cifar10,compact,entmax15,8,6,30,1
cifar10,compact,entmax15,9,6,30,1
cifar10,compact,softmax,0,6,30,1
cifar10,compact,softmax,1,6,30,1
cifar10,compact,softmax,2,6,30,1
cifar10,compact,softmax,3,6,30,1
cifar10,compact,softmax,4,6,30,1
cifar10,compact,softmax,5,6,30,1
cifar10,compact,softmax,6,6,30,1
cifar10,compact,softmax,7,6,30,1
cifar10,compact,softmax,8,6,30,1
cifar10,compact,softmax,9,6,30,1
cifar10,compact,sparsemax,0,6,30,1
cifar10,compact,sparsemax,1,6,30,1
cifar10,compact,sparsemax,2,6,30,1
cifar10,compact,sparsemax,3,6,30,1
cifar10,compact,sparsemax,4,6,30,1
cifar10,compact,sparsemax,5,6,30,1
cifar10,compact,sparsemax,6,6,30,1
cifar10,compact,sparsemax,7,6,30,1
cifar10,compact,sparsemax,8,6,30,1
cifar10,compact,sparsemax,9,6,30,1
cifar10,compact,topk_softmax_0125,0,6,30,1
cifar10,compact,topk_softmax_0125,1,6,30,1
cifar10,compact,topk_softmax_0125,2,6,30,1
cifar10,compact,topk_softmax_0125,3,6,30,1
cifar10,compact,topk_softmax_0125,4,6,30,1
cifar10,compact,topk_softmax_0125,5,6,30,1
cifar10,compact,topk_softmax_0125,6,6,30,1
cifar10,compact,topk_softmax_0125,7,6,30,1
cifar10,compact,topk_softmax_0125,8,6,30,1
cifar10,compact,topk_softmax_0125,9,6,30,1
cifar10,compact,topk_softmax_025,0,6,30,1
cifar10,compact,topk_softmax_025,1,6,30,1
cifar10,compact,topk_softmax_025,2,6,30,1
cifar10,compact,topk_softmax_025,3,6,30,1
cifar10,compact,topk_softmax_025,4,6,30,1
cifar10,compact,topk_softmax_025,5,6,30,1
cifar10,compact,topk_softmax_025,6,6,30,1
cifar10,compact,topk_softmax_025,7,6,30,1
cifar10,compact,topk_softmax_025,8,6,30,1
cifar10,compact,topk_softmax_025,9,6,30,1
cifar10,compact,entmax15,0,9,30,1
cifar10,compact,entmax15,1,9,30,1
cifar10,compact,entmax15,2,9,30,1
cifar10,compact,entmax15,3,9,30,1
cifar10,compact,entmax15,4,9,30,1
cifar10,compact,entmax15,5,9,30,1
cifar10,compact,entmax15,6,9,30,1
cifar10,compact,entmax15,7,9,30,1
cifar10,compact,entmax15,8,9,30,1
cifar10,compact,entmax15,9,9,30,1
cifar10,compact,softmax,0,9,30,1
cifar10,compact,softmax,1,9,30,1
cifar10,compact,softmax,2,9,30,1
cifar10,compact,softmax,3,9,30,1
cifar10,compact,softmax,4,9,30,1
cifar10,compact,softmax,5,9,30,1
cifar10,compact,softmax,6,9,30,1
cifar10,compact,softmax,7,9,30,1
cifar10,compact,softmax,8,9,30,1
cifar10,compact,softmax,9,9,30,1
cifar10,compact,sparsemax,0,9,30,1
cifar10,compact,sparsemax,1,9,30,1
cifar10,compact,sparsemax,2,9,30,1
cifar10,compact,sparsemax,3,9,30,1
cifar10,compact,sparsemax,4,9,30,1
cifar10,compact,sparsemax,5,9,30,1
cifar10,compact,sparsemax,6,9,30,1
cifar10,compact,sparsemax,7,9,30,1
cifar10,compact,sparsemax,8,9,30,1
cifar10,compact,sparsemax,9,9,30,1
cifar10,compact,topk_softmax_0125,0,9,30,1
cifar10,compact,topk_softmax_0125,1,9,30,1
cifar10,compact,topk_softmax_0125,2,9,30,1
cifar10,compact,topk_softmax_0125,3,9,30,1
cifar10,compact,topk_softmax_0125,4,9,30,1
cifar10,compact,topk_softmax_0125,5,9,30,1
cifar10,compact,topk_softmax_0125,6,9,30,1
cifar10,compact,topk_softmax_0125,7,9,30,1
cifar10,compact,topk_softmax_0125,8,9,30,1
cifar10,compact,topk_softmax_0125,9,9,30,1
cifar10,compact,topk_softmax_025,0,9,30,1
cifar10,compact,topk_softmax_025,1,9,30,1
cifar10,compact,topk_softmax_025,2,9,30,1
cifar10,compact,topk_softmax_025,3,9,30,1
cifar10,compact,topk_softmax_025,4,9,30,1
cifar10,compact,topk_softmax_025,5,9,30,1
cifar10,compact,topk_softmax_025,6,9,30,1
cifar10,compact,topk_softmax_025,7,9,30,1
cifar10,compact,topk_softmax_025,8,9,30,1
cifar10,compact,topk_softmax_025,9,9,30,1
cifar10,compact,entmax15,0,12,30,1
cifar10,compact,entmax15,1,12,30,1
cifar10,compact,entmax15,2,12,30,1
cifar10,compact,entmax15,3,12,30,1
cifar10,compact,entmax15,4,12,30,1
cifar10,compact,entmax15,5,12,30,1
cifar10,compact,entmax15,6,12,30,1
cifar10,compact,entmax15,7,12,30,1
cifar10,compact,entmax15,8,12,30,1
cifar10,compact,entmax15,9,12,30,1
cifar10,compact,softmax,0,12,30,1
cifar10,compact,softmax,1,12,30,1
cifar10,compact,softmax,2,12,30,1
cifar10,compact,softmax,3,12,30,1
cifar10,compact,softmax,4,12,30,1
cifar10,compact,softmax,5,12,30,1
cifar10,compact,softmax,6,12,30,1
cifar10,compact,softmax,7,12,30,1
cifar10,compact,softmax,8,12,30,1
cifar10,compact,softmax,9,12,30,1
cifar10,compact,sparsemax,0,12,30,1
cifar10,compact,sparsemax,1,12,30,1
cifar10,compact,sparsemax,2,12,30,1
cifar10,compact,sparsemax,3,12,30,1
cifar10,compact,sparsemax,4,12,30,1
cifar10,compact,sparsemax,5,12,30,1
cifar10,compact,sparsemax,6,12,30,1
cifar10,compact,sparsemax,7,12,30,1
cifar10,compact,sparsemax,8,12,30,1
cifar10,compact,sparsemax,9,12,30,1
cifar10,compact,topk_softmax_0125,0,12,30,1
cifar10,compact,topk_softmax_0125,1,12,30,1
cifar10,compact,topk_softmax_0125,2,12,30,1
cifar10,compact,topk_softmax_0125,3,12,30,1
cifar10,compact,topk_softmax_0125,4,12,30,1
cifar10,compact,topk_softmax_0125,5,12,30,1
cifar10,compact,topk_softmax_0125,6,12,30,1
cifar10,compact,topk_softmax_0125,7,12,30,1
cifar10,compact,topk_softmax_0125,8,12,30,1
cifar10,compact,topk_softmax_0125,9,12,30,1
cifar10,compact,topk_softmax_025,0,12,30,1
cifar10,compact,topk_softmax_025,1,12,30,1
cifar10,compact,topk_softmax_025,2,12,30,1
cifar10,compact,topk_softmax_025,3,12,30,1
cifar10,compact,topk_softmax_025,4,12,30,1
cifar10,compact,topk_softmax_025,5,12,30,1
cifar10,compact,topk_softmax_025,6,12,30,1
cifar10,compact,topk_softmax_025,7,12,30,1
cifar10,compact,topk_softmax_025,8,12,30,1
cifar10,compact,topk_softmax_025,9,12,30,1
cifar10,compact,entmax15,0,18,30,1
cifar10,compact,entmax15,1,18,30,1
cifar10,compact,entmax15,2,18,30,1
cifar10,compact,entmax15,3,18,30,1
cifar10,compact,entmax15,4,18,30,1
cifar10,compact,entmax15,5,18,30,1
cifar10,compact,entmax15,6,18,30,1
cifar10,compact,entmax15,7,18,30,1
cifar10,compact,entmax15,8,18,30,1
cifar10,compact,entmax15,9,18,30,1
cifar10,compact,softmax,0,18,30,1
cifar10,compact,softmax,1,18,30,1
cifar10,compact,softmax,2,18,30,1
cifar10,compact,softmax,3,18,30,1
cifar10,compact,softmax,4,18,30,1
cifar10,compact,softmax,5,18,30,1
cifar10,compact,softmax,6,18,30,1
cifar10,compact,softmax,7,18,30,1
cifar10,compact,softmax,8,18,30,1
cifar10,compact,softmax,9,18,30,1
cifar10,compact,sparsemax,0,18,30,1
cifar10,compact,sparsemax,1,18,30,1
cifar10,compact,sparsemax,2,18,30,1
cifar10,compact,sparsemax,3,18,30,1
cifar10,compact,sparsemax,4,18,30,1
cifar10,compact,sparsemax,5,18,30,1
cifar10,compact,sparsemax,6,18,30,1
cifar10,compact,sparsemax,7,18,30,1
cifar10,compact,sparsemax,8,18,30,1
cifar10,compact,sparsemax,9,18,30,1
cifar10,compact,topk_softmax_0125,0,18,30,1
cifar10,compact,topk_softmax_0125,1,18,30,1
cifar10,compact,topk_softmax_0125,2,18,30,1
cifar10,compact,topk_softmax_0125,3,18,30,1
cifar10,compact,topk_softmax_0125,4,18,30,1
cifar10,compact,topk_softmax_0125,5,18,30,1
cifar10,compact,topk_softmax_0125,6,18,30,1
cifar10,compact,topk_softmax_0125,7,18,30,1
cifar10,compact,topk_softmax_0125,8,18,30,1
cifar10,compact,topk_softmax_0125,9,18,30,1
cifar10,compact,topk_softmax_025,0,18,30,1
cifar10,compact,topk_softmax_025,1,18,30,1
cifar10,compact,topk_softmax_025,2,18,30,1
cifar10,compact,topk_softmax_025,3,18,30,1
cifar10,compact,topk_softmax_025,4,18,30,1
cifar10,compact,topk_softmax_025,5,18,30,1
cifar10,compact,topk_softmax_025,6,18,30,1
cifar10,compact,topk_softmax_025,7,18,30,1
cifar10,compact,topk_softmax_025,8,18,30,1
cifar10,compact,topk_softmax_025,9,18,30,1
cifar10,compact,entmax15,0,24,30,1
cifar10,compact,entmax15,1,24,30,1
cifar10,compact,entmax15,2,24,30,1
cifar10,compact,entmax15,3,24,30,1
cifar10,compact,entmax15,4,24,30,1
cifar10,compact,entmax15,5,24,30,1
cifar10,compact,entmax15,6,24,30,1
cifar10,compact,entmax15,7,24,30,1
cifar10,compact,entmax15,8,24,30,1
cifar10,compact,entmax15,9,24,30,1
cifar10,compact,softmax,0,24,30,1
cifar10,compact,softmax,1,24,30,1
cifar10,compact,softmax,2,24,30,1
cifar10,compact,softmax,3,24,30,1
cifar10,compact,softmax,4,24,30,1
cifar10,compact,softmax,5,24,30,1
cifar10,compact,softmax,6,24,30,1
cifar10,compact,softmax,7,24,30,1
cifar10,compact,softmax,8,24,30,1
cifar10,compact,softmax,9,24,30,1
cifar10,compact,sparsemax,0,24,30,1
cifar10,compact,sparsemax,1,24,30,1
cifar10,compact,sparsemax,2,24,30,1
cifar10,compact,sparsemax,3,24,30,1
cifar10,compact,sparsemax,4,24,30,1
cifar10,compact,sparsemax,5,24,30,1
cifar10,compact,sparsemax,6,24,30,1
cifar10,compact,sparsemax,7,24,30,1
cifar10,compact,sparsemax,8,24,30,1
cifar10,compact,sparsemax,9,24,30,1
cifar10,compact,topk_softmax_0125,0,24,30,1
cifar10,compact,topk_softmax_0125,1,24,30,1
cifar10,compact,topk_softmax_0125,2,24,30,1
cifar10,compact,topk_softmax_0125,3,24,30,1
cifar10,compact,topk_softmax_0125,4,24,30,1
cifar10,compact,topk_softmax_0125,5,24,30,1
cifar10,compact,topk_softmax_0125,6,24,30,1
cifar10,compact,topk_softmax_0125,7,24,30,1
cifar10,compact,topk_softmax_0125,8,24,30,1
cifar10,compact,topk_softmax_0125,9,24,30,1
cifar10,compact,topk_softmax_025,0,24,30,1
cifar10,compact,topk_softmax_025,1,24,30,1
cifar10,compact,topk_softmax_025,2,24,30,1
cifar10,compact,topk_softmax_025,3,24,30,1
cifar10,compact,topk_softmax_025,4,24,30,1
cifar10,compact,topk_softmax_025,5,24,30,1
cifar10,compact,topk_softmax_025,6,24,30,1
cifar10,compact,topk_softmax_025,7,24,30,1
cifar10,compact,topk_softmax_025,8,24,30,1
cifar10,compact,topk_softmax_025,9,24,30,1
