method,seed,dense_best_validation_accuracy,method_best_validation_accuracy,paired_delta,epochs_run,fitting_examples,batch_size,sequence_length
topk_softmax_0125,0,0.367,0.398,0.031000000000000028,6,8000,96,17
topk_softmax_0125,1,0.3735,0.371,-0.0025000000000000022,6,8000,96,17
topk_softmax_0125,2,0.4165,0.4185,0.0020000000000000018,6,8000,96,17
topk_softmax_0125,3,0.3815,0.395,0.013500000000000012,6,8000,96,17
topk_softmax_0125,4,0.3815,0.402,0.020500000000000018,6,8000,96,17
topk_softmax_0125,5,0.373,0.402,0.029000000000000026,6,8000,96,17
topk_softmax_0125,6,0.3885,0.4075,0.01899999999999996,6,8000,96,17
topk_softmax_0125,7,0.385,0.406,0.02100000000000002,6,8000,96,17
topk_softmax_0125,8,0.4055,0.3965,-0.009000000000000008,6,8000,96,17
topk_softmax_0125,9,0.3925,0.411,0.01849999999999996,6,8000,96,17
topk_softmax_025,0,0.367,0.4005,0.03350000000000003,6,8000,96,17
topk_softmax_025,1,0.3735,0.386,0.012500000000000011,6,8000,96,17
topk_softmax_025,2,0.4165,0.432,0.015500000000000014,6,8000,96,17
topk_softmax_025,3,0.3815,0.407,0.025499999999999967,6,8000,96,17
topk_softmax_025,4,0.3815,0.397,0.015500000000000014,6,8000,96,17
topk_softmax_025,5,0.373,0.4025,0.029500000000000026,6,8000,96,17
topk_softmax_025,6,0.3885,0.407,0.01849999999999996,6,8000,96,17
topk_softmax_025,7,0.385,0.4065,0.021499999999999964,6,8000,96,17
topk_softmax_025,8,0.4055,0.396,-0.009500000000000008,6,8000,96,17
topk_softmax_025,9,0.3925,0.4115,0.01899999999999996,6,8000,96,17
bottomk_softmax_0125,0,0.367,0.26,-0.10699999999999998,6,8000,96,17
bottomk_softmax_0125,1,0.3735,0.2775,-0.09599999999999997,6,8000,96,17
bottomk_softmax_0125,2,0.4165,0.2725,-0.14399999999999996,6,8000,96,17
bottomk_softmax_0125,3,0.3815,0.2585,-0.123,6,8000,96,17
bottomk_softmax_0125,4,0.3815,0.2975,-0.08400000000000002,6,8000,96,17
bottomk_softmax_0125,5,0.373,0.2435,-0.1295,6,8000,96,17
bottomk_softmax_0125,6,0.3885,0.2755,-0.11299999999999999,6,8000,96,17
bottomk_softmax_0125,7,0.385,0.288,-0.09700000000000003,6,8000,96,17
bottomk_softmax_0125,8,0.4055,0.258,-0.14750000000000002,6,8000,96,17
bottomk_softmax_0125,9,0.3925,0.2775,-0.11499999999999999,6,8000,96,17
bottomk_softmax_025,0,0.367,0.272,-0.09499999999999997,6,8000,96,17
bottomk_softmax_025,1,0.3735,0.268,-0.10549999999999998,6,8000,96,17
bottomk_softmax_025,2,0.4165,0.2845,-0.132,6,8000,96,17
bottomk_softmax_025,3,0.3815,0.2715,-0.10999999999999999,6,8000,96,17
bottomk_softmax_025,4,0.3815,0.2815,-0.10000000000000003,6,8000,96,17
bottomk_softmax_025,5,0.373,0.261,-0.11199999999999999,6,8000,96,17
bottomk_softmax_025,6,0.3885,0.282,-0.10650000000000004,6,8000,96,17
bottomk_softmax_025,7,0.385,0.29,-0.09500000000000003,6,8000,96,17
bottomk_softmax_025,8,0.4055,0.2785,-0.127,6,8000,96,17
bottomk_softmax_025,9,0.3925,0.289,-0.10350000000000004,6,8000,96,17
