policy,budget_epochs,contrast,paired_seeds,sum_correct_count_difference,mean_percentage_points,nominal95_low_percentage_points,nominal95_high_percentage_points
decay,3,topk_softmax_0125_minus_softmax,10,4332,4.332,3.7957971699303172,4.8682028300696825
decay,3,topk_softmax_025_minus_softmax,10,3127,3.127,2.3470892619692005,3.906910738030799
decay,6,topk_softmax_0125_minus_softmax,10,2707,2.707,2.1940220900374987,3.2199779099625014
decay,6,topk_softmax_025_minus_softmax,10,2215,2.215,1.9252583749991008,2.504741625000899
decay,9,topk_softmax_0125_minus_softmax,10,1799,1.799,1.3586508369816033,2.2393491630183964
decay,9,topk_softmax_025_minus_softmax,10,1985,1.9849999999999999,1.6141280891377408,2.3558719108622594
decay,12,topk_softmax_0125_minus_softmax,10,969,0.9690000000000001,0.5482894463248164,1.3897105536751837
decay,12,topk_softmax_025_minus_softmax,10,1353,1.353,1.0127050882521578,1.6932949117478422
decay,18,topk_softmax_0125_minus_softmax,10,-368,-0.368,-0.7925629677178886,0.05656296771788866
decay,18,topk_softmax_025_minus_softmax,10,266,0.266,-0.15300079664651794,0.6850007966465179
decay,24,topk_softmax_0125_minus_softmax,10,-1335,-1.335,-1.8403979524543694,-0.8296020475456306
decay,24,topk_softmax_025_minus_softmax,10,-510,-0.51,-1.0247919571295054,0.0047919571295053365
decay,30,topk_softmax_0125_minus_softmax,10,-2081,-2.081,-2.6821689458338667,-1.4798310541661328
decay,30,topk_softmax_025_minus_softmax,10,-930,-0.9299999999999999,-1.6195354535746713,-0.24046454642532847
fixed_within_path,3,topk_softmax_0125_minus_softmax,10,2743,2.743,2.0371807833005686,3.4488192166994307
fixed_within_path,3,topk_softmax_025_minus_softmax,10,2254,2.254,1.531665040868885,2.9763349591311155
fixed_within_path,6,topk_softmax_0125_minus_softmax,10,2029,2.029,1.276975346474678,2.781024653525322
fixed_within_path,6,topk_softmax_025_minus_softmax,10,2049,2.049,1.4120470785921515,2.685952921407848
fixed_within_path,9,topk_softmax_0125_minus_softmax,10,236,0.23600000000000002,-0.29056617986326627,0.7625661798632664
fixed_within_path,9,topk_softmax_025_minus_softmax,10,696,0.696,0.17659855638180716,1.2154014436181928
fixed_within_path,12,topk_softmax_0125_minus_softmax,10,-386,-0.386,-1.0070499246436242,0.23504992464362415
fixed_within_path,12,topk_softmax_025_minus_softmax,10,-35,-0.034999999999999996,-0.5293300836297415,0.4593300836297416
fixed_within_path,18,topk_softmax_0125_minus_softmax,10,-1838,-1.838,-2.394445703193075,-1.2815542968069251
fixed_within_path,18,topk_softmax_025_minus_softmax,10,-979,-0.979,-1.865590222018571,-0.09240977798142917
fixed_within_path,24,topk_softmax_0125_minus_softmax,10,-2645,-2.645,-3.4054441683668633,-1.884555831633137
fixed_within_path,24,topk_softmax_025_minus_softmax,10,-1402,-1.402,-2.2376778569157394,-0.5663221430842602
fixed_within_path,30,topk_softmax_0125_minus_softmax,10,-3094,-3.094,-3.8597712929817645,-2.328228707018236
fixed_within_path,30,topk_softmax_025_minus_softmax,10,-1740,-1.7399999999999998,-2.5020705770743423,-0.9779294229256573
