dataset,architecture,tier,registered_event_start_epoch,n_seeds,early_epoch1_3_mean_delta,event_start_through30_mean_delta,after_three_epoch_detection_through30_mean_delta,terminal_epoch30_delta,event_start_through30_abs_below_posthoc_0_002
mnist,plain_transformer,deep,6,5,0.027277777777777776,-0.0012153333333333328,-0.0012075757575757578,-0.0009166666666666767,True
mnist,plain_transformer,wide,23,5,0.00981666666666668,-0.0003208333333333313,-0.00021999999999999797,-0.0010499999999999733,True
mnist,local_hybrid,compact,9,5,0.015177777777777795,-0.0011765151515151502,-0.001281578947368419,-0.0003666666666666707,True
mnist,local_hybrid,deep,6,5,0.01927777777777778,-0.0009646666666666688,-0.0008924242424242421,-0.0007333333333333414,True
mnist,local_hybrid,wide,8,5,0.006927777777777785,-0.0015130434782608749,-0.0015941666666666732,-0.0012166666666666881,True
fashion_mnist,plain_transformer,deep,25,5,0.025877777777777788,-0.0015611111111111205,-0.0018000000000000162,-0.0020166666666666666,True
fashion_mnist,local_hybrid,deep,13,5,0.019394444444444447,-0.0004287037037037021,-0.0003466666666666654,-0.0023666666666666723,True
fashion_mnist,local_hybrid,wide,23,5,0.019738888888888893,-0.0005437499999999901,-7.666666666666267e-05,-0.0008333333333333526,True
kmnist,plain_transformer,wide,14,5,0.06445,-0.0012205882352941191,-0.001088095238095239,-0.0018999999999999907,True
kmnist,local_hybrid,compact,28,5,0.04566666666666669,-0.0009611111111111015,,-0.00024999999999997247,True
kmnist,local_hybrid,deep,17,5,0.019294444444444444,0.00027857142857143753,0.0005196969696969791,0.002450000000000019,True
kmnist,local_hybrid,wide,13,5,0.0366,-0.0008240740740740844,-0.0006177777777777897,-0.0018166666666666886,True
cifar10,plain_transformer,compact,14,5,0.03166,-0.010345882352941175,-0.012021428571428574,-0.01803999999999999,False
cifar10,plain_transformer,deep,15,5,0.01579333333333333,-0.004681250000000003,-0.004733846153846157,-0.0037200000000000124,False
cifar10,plain_transformer,wide,8,5,0.021353333333333335,-0.014526086956521743,-0.016301000000000003,-0.025960000000000004,False
cifar10,local_hybrid,compact,12,5,0.03452,-0.013853684210526322,-0.01569250000000001,-0.020940000000000004,False
cifar10,local_hybrid,wide,9,5,0.019946666666666668,-0.011641818181818177,-0.012970526315789467,-0.017319999999999957,False
cifar100,plain_transformer,compact,15,5,0.021733333333333337,-0.01193625,-0.013995384615384616,-0.018300000000000004,False
cifar100,plain_transformer,deep,12,5,0.01882,-0.011994736842105268,-0.014011250000000005,-0.018459999999999997,False
cifar100,plain_transformer,wide,9,5,0.018179999999999998,-0.023328181818181817,-0.026121052631578948,-0.0338,False
cifar100,local_hybrid,compact,16,5,0.02582,-0.009598666666666663,-0.011124999999999996,-0.014659999999999996,False
cifar100,local_hybrid,deep,13,5,0.016873333333333334,-0.007564444444444451,-0.008724000000000006,-0.010100000000000008,False
cifar100,local_hybrid,wide,11,5,0.02123333333333334,-0.020025,-0.02194,-0.023239999999999983,False
twenty_news,plain_transformer,compact,21,5,0.015053763440860212,-0.001431727794962445,-0.0002272583801527712,-0.0030048608042421376,True
synthetic_marker,plain_transformer,compact,7,5,0.002466666666666666,-0.002112499999999999,-0.002349999999999999,-0.0020499999999999963,False
synthetic_marker,local_hybrid,deep,5,5,0.000783333333333333,-0.004886538461538461,-0.005180434782608695,-0.00335,False
emnist_letters,plain_transformer,compact,24,5,0.03555822649572651,-0.0013072344322344227,-0.0013141025641025595,-0.000528846153846163,True
emnist_letters,plain_transformer,deep,8,5,0.007192841880341874,-0.0017701365663322166,-0.0018633814102564095,-0.0026041666666666518,True
emnist_letters,plain_transformer,wide,9,5,0.021717414529914523,-0.0023579545454545476,-0.0024852395411605966,-0.0035496794871795025,False
emnist_letters,local_hybrid,compact,12,5,0.012785790598290608,-0.001366396761133603,-0.0013561698717948726,-0.0022115384615384757,True
emnist_letters,local_hybrid,deep,4,5,0.00044337606837607053,-0.0017245370370370379,-0.0016760149572649598,-0.0020112179487179692,True
emnist_letters,local_hybrid,wide,13,5,0.01015758547008548,-0.0016662215099715093,-0.0016597222222222213,-0.0015705128205128148,True
emnist_digits,plain_transformer,compact,17,5,0.004833333333333341,-0.00035952380952380643,-0.0004204545454545385,-0.00029166666666664566,True
emnist_digits,plain_transformer,deep,9,5,0.0015055555555555454,-0.0004221590909090911,-0.00040197368421052555,-0.0006333333333333524,True
emnist_digits,plain_transformer,wide,12,5,0.003652777777777771,-0.0005234649122806976,-0.0004898437499999935,-0.0005666666666666487,True
emnist_digits,local_hybrid,compact,13,5,0.0005569444444444367,-0.0004148148148148209,-0.0003805555555555588,-0.0001666666666666705,True
emnist_digits,local_hybrid,deep,10,5,0.0013638888888888683,-0.0001476190476190451,-0.00010115740740740398,-5.833333333333801e-05,True
emnist_digits,local_hybrid,wide,8,5,6.388888888887815e-05,-0.00020090579710144865,-0.00017645833333333362,-0.0005749999999999922,True
usps,local_hybrid,compact,14,5,0.09373571101966165,-0.002872589364964092,-0.0021457965902410303,-0.003978052126200282,False
