family,indices,mean,probability
test_accuracy_delta,000,-0.00223492907801419,0.037037037037037035
test_accuracy_delta,001,-0.0022650526688091526,0.037037037037037035
test_accuracy_delta,002,-0.0020593374076059907,0.037037037037037035
test_accuracy_delta,010,-0.0022650526688091526,0.037037037037037035
test_accuracy_delta,011,-0.0022951762596041154,0.037037037037037035
test_accuracy_delta,012,-0.0020894609984009535,0.037037037037037035
test_accuracy_delta,020,-0.0020593374076059907,0.037037037037037035
test_accuracy_delta,021,-0.0020894609984009535,0.037037037037037035
test_accuracy_delta,022,-0.0018837457371977918,0.037037037037037035
test_accuracy_delta,100,-0.0022650526688091526,0.037037037037037035
test_accuracy_delta,101,-0.0022951762596041154,0.037037037037037035
test_accuracy_delta,102,-0.0020894609984009535,0.037037037037037035
test_accuracy_delta,110,-0.0022951762596041154,0.037037037037037035
test_accuracy_delta,111,-0.0023252998503990783,0.037037037037037035
test_accuracy_delta,112,-0.0021195845891959163,0.037037037037037035
test_accuracy_delta,120,-0.002089460998400954,0.037037037037037035
test_accuracy_delta,121,-0.0021195845891959168,0.037037037037037035
test_accuracy_delta,122,-0.0019138693279927548,0.037037037037037035
test_accuracy_delta,200,-0.0020593374076059907,0.037037037037037035
test_accuracy_delta,201,-0.0020894609984009535,0.037037037037037035
test_accuracy_delta,202,-0.0018837457371977918,0.037037037037037035
test_accuracy_delta,210,-0.002089460998400954,0.037037037037037035
test_accuracy_delta,211,-0.0021195845891959168,0.037037037037037035
test_accuracy_delta,212,-0.0019138693279927548,0.037037037037037035
test_accuracy_delta,220,-0.0018837457371977922,0.037037037037037035
test_accuracy_delta,221,-0.0019138693279927548,0.037037037037037035
test_accuracy_delta,222,-0.001708154066789593,0.037037037037037035
