method,seed,historical_best_accuracy,current_best_accuracy,current_minus_historical_best_accuracy,historical_terminal_accuracy,current_terminal_accuracy,interpretation
softmax,0,0.6654,0.6654,0.0,0.6589,0.6589,descriptive_separate_runtime_populations_not_pooled_or_causal
softmax,1,0.6676,0.6676,0.0,0.6605,0.6605,descriptive_separate_runtime_populations_not_pooled_or_causal
softmax,2,0.6845,0.6845,0.0,0.6845,0.6845,descriptive_separate_runtime_populations_not_pooled_or_causal
softmax,3,0.6726,0.6726,0.0,0.6726,0.6726,descriptive_separate_runtime_populations_not_pooled_or_causal
softmax,4,0.6746,0.6746,0.0,0.6746,0.6746,descriptive_separate_runtime_populations_not_pooled_or_causal
softmax,5,0.6559,0.6559,0.0,0.6556,0.6556,descriptive_separate_runtime_populations_not_pooled_or_causal
softmax,6,0.6796,0.6796,0.0,0.6796,0.6796,descriptive_separate_runtime_populations_not_pooled_or_causal
softmax,7,0.6651,0.6651,0.0,0.6651,0.6651,descriptive_separate_runtime_populations_not_pooled_or_causal
softmax,8,0.6664,0.6664,0.0,0.6637,0.6637,descriptive_separate_runtime_populations_not_pooled_or_causal
softmax,9,0.6776,0.6776,0.0,0.6632,0.6632,descriptive_separate_runtime_populations_not_pooled_or_causal
topk_softmax_0125,0,0.6534,0.6534,0.0,0.6534,0.6534,descriptive_separate_runtime_populations_not_pooled_or_causal
topk_softmax_0125,1,0.64,0.64,0.0,0.64,0.64,descriptive_separate_runtime_populations_not_pooled_or_causal
topk_softmax_0125,2,0.6373,0.6373,0.0,0.6317,0.6317,descriptive_separate_runtime_populations_not_pooled_or_causal
topk_softmax_0125,3,0.6377,0.6377,0.0,0.6377,0.6377,descriptive_separate_runtime_populations_not_pooled_or_causal
topk_softmax_0125,4,0.6444,0.6444,0.0,0.6444,0.6444,descriptive_separate_runtime_populations_not_pooled_or_causal
topk_softmax_0125,5,0.639,0.639,0.0,0.6262,0.6262,descriptive_separate_runtime_populations_not_pooled_or_causal
topk_softmax_0125,6,0.6456,0.6456,0.0,0.6456,0.6456,descriptive_separate_runtime_populations_not_pooled_or_causal
topk_softmax_0125,7,0.6371,0.6371,0.0,0.6352,0.6352,descriptive_separate_runtime_populations_not_pooled_or_causal
topk_softmax_0125,8,0.6307,0.6307,0.0,0.6307,0.6307,descriptive_separate_runtime_populations_not_pooled_or_causal
topk_softmax_0125,9,0.6347,0.6347,0.0,0.631,0.631,descriptive_separate_runtime_populations_not_pooled_or_causal
topk_softmax_025,0,0.66,0.66,0.0,0.6576,0.6576,descriptive_separate_runtime_populations_not_pooled_or_causal
topk_softmax_025,1,0.6575,0.6575,0.0,0.6575,0.6575,descriptive_separate_runtime_populations_not_pooled_or_causal
topk_softmax_025,2,0.648,0.648,0.0,0.6428,0.6428,descriptive_separate_runtime_populations_not_pooled_or_causal
topk_softmax_025,3,0.658,0.658,0.0,0.6512,0.6512,descriptive_separate_runtime_populations_not_pooled_or_causal
topk_softmax_025,4,0.6518,0.6518,0.0,0.6518,0.6518,descriptive_separate_runtime_populations_not_pooled_or_causal
topk_softmax_025,5,0.6546,0.6546,0.0,0.6429,0.6429,descriptive_separate_runtime_populations_not_pooled_or_causal
topk_softmax_025,6,0.6609,0.6609,0.0,0.6609,0.6609,descriptive_separate_runtime_populations_not_pooled_or_causal
topk_softmax_025,7,0.6477,0.6477,0.0,0.6452,0.6452,descriptive_separate_runtime_populations_not_pooled_or_causal
topk_softmax_025,8,0.6493,0.6493,0.0,0.6401,0.6401,descriptive_separate_runtime_populations_not_pooled_or_causal
topk_softmax_025,9,0.6475,0.6475,0.0,0.6433,0.6433,descriptive_separate_runtime_populations_not_pooled_or_causal
