method,seed,historical_logged_epochs,current_logged_epochs,exact_common_metric_prefix_epochs,all_historical_metric_epochs_match,additional_current_epochs_beyond_historical,historical_source,current_source,current_row_sha256,scope
bottomk_softmax_0125,0,9,30,9,1,21,experiments/2026-09-28_codex_mta_matched-bottomk-policy/runtime_cohorts/post_reboot_001/historical_inputs/r1_select_20260818_170424_sweep_bk_r1full.jsonl,experiments/2026-09-28_codex_mta_matched-bottomk-policy/runtime_cohorts/post_reboot_001/main/matched50/cells/bottomk_softmax_0125__seed0/attempt-001/row.json,242B435357839F9B0FC4FFA4EBFAA244DC871F8751608B78C124171D8395D063,saved_common_metric_binary64_by_training_position_no_independent_replication_or_pooling
bottomk_softmax_0125,1,8,30,8,1,22,experiments/2026-09-28_codex_mta_matched-bottomk-policy/runtime_cohorts/post_reboot_001/historical_inputs/r1_select_20260818_170424_sweep_bk_r1full.jsonl,experiments/2026-09-28_codex_mta_matched-bottomk-policy/runtime_cohorts/post_reboot_001/main/matched50/cells/bottomk_softmax_0125__seed1/attempt-001/row.json,F2776D1694D77141969F566983A6EBF129239A6919B84C6FE7C7D3CDB26B5693,saved_common_metric_binary64_by_training_position_no_independent_replication_or_pooling
bottomk_softmax_0125,2,8,30,8,1,22,experiments/2026-09-28_codex_mta_matched-bottomk-policy/runtime_cohorts/post_reboot_001/historical_inputs/r1_select_20260818_170424_sweep_bk_r1full.jsonl,experiments/2026-09-28_codex_mta_matched-bottomk-policy/runtime_cohorts/post_reboot_001/main/matched50/cells/bottomk_softmax_0125__seed2/attempt-001/row.json,795143A96B9FF2002B1B0A5C0BE96255A05B9E569E399FB583A30EAADEDB9198,saved_common_metric_binary64_by_training_position_no_independent_replication_or_pooling
bottomk_softmax_0125,3,10,30,10,1,20,experiments/2026-09-28_codex_mta_matched-bottomk-policy/runtime_cohorts/post_reboot_001/historical_inputs/r1_select_20260818_170424_sweep_bk_r1full.jsonl,experiments/2026-09-28_codex_mta_matched-bottomk-policy/runtime_cohorts/post_reboot_001/main/matched50/cells/bottomk_softmax_0125__seed3/attempt-001/row.json,C5AC4708DDE498F761D0C12889E443A921F78B0054C540D58486C61403CCCA63,saved_common_metric_binary64_by_training_position_no_independent_replication_or_pooling
bottomk_softmax_0125,4,10,30,10,1,20,experiments/2026-09-28_codex_mta_matched-bottomk-policy/runtime_cohorts/post_reboot_001/historical_inputs/r1_select_20260818_170424_sweep_bk_r1full.jsonl,experiments/2026-09-28_codex_mta_matched-bottomk-policy/runtime_cohorts/post_reboot_001/main/matched50/cells/bottomk_softmax_0125__seed4/attempt-001/row.json,D9A7CC74E972916D31DD7DEE140DEEF3F5A36D061A6EE8444495D1A997E92CE2,saved_common_metric_binary64_by_training_position_no_independent_replication_or_pooling
bottomk_softmax_0125,5,9,30,9,1,21,experiments/2026-09-28_codex_mta_matched-bottomk-policy/runtime_cohorts/post_reboot_001/historical_inputs/r1_select_20260818_170424_sweep_bk_r1full.jsonl,experiments/2026-09-28_codex_mta_matched-bottomk-policy/runtime_cohorts/post_reboot_001/main/matched50/cells/bottomk_softmax_0125__seed5/attempt-001/row.json,5B750DE8FF615990B642573599F18572200A307465AD8952CC1E5C9B2494D7FA,saved_common_metric_binary64_by_training_position_no_independent_replication_or_pooling
bottomk_softmax_0125,6,12,30,12,1,18,experiments/2026-09-28_codex_mta_matched-bottomk-policy/runtime_cohorts/post_reboot_001/historical_inputs/r1_select_20260818_170424_sweep_bk_r1full.jsonl,experiments/2026-09-28_codex_mta_matched-bottomk-policy/runtime_cohorts/post_reboot_001/main/matched50/cells/bottomk_softmax_0125__seed6/attempt-001/row.json,C1DE2834F4A6167894A0C918E8E6B6A50D88C9EF98B5334FA33CA94197A5AAF5,saved_common_metric_binary64_by_training_position_no_independent_replication_or_pooling
bottomk_softmax_0125,7,7,30,7,1,23,experiments/2026-09-28_codex_mta_matched-bottomk-policy/runtime_cohorts/post_reboot_001/historical_inputs/r1_select_20260818_170424_sweep_bk_r1full.jsonl,experiments/2026-09-28_codex_mta_matched-bottomk-policy/runtime_cohorts/post_reboot_001/main/matched50/cells/bottomk_softmax_0125__seed7/attempt-001/row.json,6AA6DFA5204A7CC7DF3577EC63E144B613E4C7ECBA9526C1884C8F51FB6C9DCA,saved_common_metric_binary64_by_training_position_no_independent_replication_or_pooling
bottomk_softmax_0125,8,8,30,8,1,22,experiments/2026-09-28_codex_mta_matched-bottomk-policy/runtime_cohorts/post_reboot_001/historical_inputs/r1_select_20260818_170424_sweep_bk_r1full.jsonl,experiments/2026-09-28_codex_mta_matched-bottomk-policy/runtime_cohorts/post_reboot_001/main/matched50/cells/bottomk_softmax_0125__seed8/attempt-001/row.json,BE637317577B33757B7BF1498A591FEC089918D1E70A5517E09C27E1105A0E62,saved_common_metric_binary64_by_training_position_no_independent_replication_or_pooling
bottomk_softmax_0125,9,7,30,7,1,23,experiments/2026-09-28_codex_mta_matched-bottomk-policy/runtime_cohorts/post_reboot_001/historical_inputs/r1_select_20260818_170424_sweep_bk_r1full.jsonl,experiments/2026-09-28_codex_mta_matched-bottomk-policy/runtime_cohorts/post_reboot_001/main/matched50/cells/bottomk_softmax_0125__seed9/attempt-001/row.json,026513A5B14956779831A5F8E534F9CB3096667C05203995A90E58D41441A7C3,saved_common_metric_binary64_by_training_position_no_independent_replication_or_pooling
bottomk_softmax_025,0,11,30,11,1,19,experiments/2026-09-28_codex_mta_matched-bottomk-policy/runtime_cohorts/post_reboot_001/historical_inputs/r1_select_20260818_170424_sweep_bk_r1full.jsonl,experiments/2026-09-28_codex_mta_matched-bottomk-policy/runtime_cohorts/post_reboot_001/main/matched50/cells/bottomk_softmax_025__seed0/attempt-001/row.json,09E58A6207C5CF5B4EB8CE4982BC838F83B4D4DFF1D8000973B9E15F1E951DFB,saved_common_metric_binary64_by_training_position_no_independent_replication_or_pooling
bottomk_softmax_025,1,10,30,10,1,20,experiments/2026-09-28_codex_mta_matched-bottomk-policy/runtime_cohorts/post_reboot_001/historical_inputs/r1_select_20260818_170424_sweep_bk_r1full.jsonl,experiments/2026-09-28_codex_mta_matched-bottomk-policy/runtime_cohorts/post_reboot_001/main/matched50/cells/bottomk_softmax_025__seed1/attempt-001/row.json,42DCA6621BC29B034DAA18B0F502ECC0E617327C9454D958ED16A8E5417519A7,saved_common_metric_binary64_by_training_position_no_independent_replication_or_pooling
bottomk_softmax_025,2,18,30,18,1,12,experiments/2026-09-28_codex_mta_matched-bottomk-policy/runtime_cohorts/post_reboot_001/historical_inputs/r1_select_20260818_170424_sweep_bk_r1full.jsonl,experiments/2026-09-28_codex_mta_matched-bottomk-policy/runtime_cohorts/post_reboot_001/main/matched50/cells/bottomk_softmax_025__seed2/attempt-001/row.json,A13B5B1C8E3F98E1203C66B3C70CFBD680F5F27AC8975AFE560971EFF2B5F32D,saved_common_metric_binary64_by_training_position_no_independent_replication_or_pooling
bottomk_softmax_025,3,19,30,19,1,11,experiments/2026-09-28_codex_mta_matched-bottomk-policy/runtime_cohorts/post_reboot_001/historical_inputs/r1_select_20260818_170424_sweep_bk_r1full.jsonl,experiments/2026-09-28_codex_mta_matched-bottomk-policy/runtime_cohorts/post_reboot_001/main/matched50/cells/bottomk_softmax_025__seed3/attempt-001/row.json,D68F5791ACDD030821A783BED8165DCEF961D53D055B6A498CEC16D663D45A02,saved_common_metric_binary64_by_training_position_no_independent_replication_or_pooling
bottomk_softmax_025,4,12,30,12,1,18,experiments/2026-09-28_codex_mta_matched-bottomk-policy/runtime_cohorts/post_reboot_001/historical_inputs/r1_select_20260818_170424_sweep_bk_r1full.jsonl,experiments/2026-09-28_codex_mta_matched-bottomk-policy/runtime_cohorts/post_reboot_001/main/matched50/cells/bottomk_softmax_025__seed4/attempt-001/row.json,FC9A9B9B0FA255AB077C306F496729AEFBDF14E475DF0A519EDC2E5B0E647111,saved_common_metric_binary64_by_training_position_no_independent_replication_or_pooling
bottomk_softmax_025,5,11,30,11,1,19,experiments/2026-09-28_codex_mta_matched-bottomk-policy/runtime_cohorts/post_reboot_001/historical_inputs/r1_select_20260818_170424_sweep_bk_r1full.jsonl,experiments/2026-09-28_codex_mta_matched-bottomk-policy/runtime_cohorts/post_reboot_001/main/matched50/cells/bottomk_softmax_025__seed5/attempt-001/row.json,A0CE12BE3427E593B08847041171192ECA77FDB254BFBE93997B4FE4BF7ECC71,saved_common_metric_binary64_by_training_position_no_independent_replication_or_pooling
bottomk_softmax_025,6,13,30,13,1,17,experiments/2026-09-28_codex_mta_matched-bottomk-policy/runtime_cohorts/post_reboot_001/historical_inputs/r1_select_20260818_170424_sweep_bk_r1full.jsonl,experiments/2026-09-28_codex_mta_matched-bottomk-policy/runtime_cohorts/post_reboot_001/main/matched50/cells/bottomk_softmax_025__seed6/attempt-001/row.json,FC0C14E336BB10BC37F921A8C7085ED9375B5F2207BF01249AF85E5BB35B26D7,saved_common_metric_binary64_by_training_position_no_independent_replication_or_pooling
bottomk_softmax_025,7,7,30,7,1,23,experiments/2026-09-28_codex_mta_matched-bottomk-policy/runtime_cohorts/post_reboot_001/historical_inputs/r1_select_20260818_170424_sweep_bk_r1full.jsonl,experiments/2026-09-28_codex_mta_matched-bottomk-policy/runtime_cohorts/post_reboot_001/main/matched50/cells/bottomk_softmax_025__seed7/attempt-001/row.json,3A3D40A5DB411F6BC58030939A5A6CDAED26DA6A312E22DF4ACF93E3C1595B51,saved_common_metric_binary64_by_training_position_no_independent_replication_or_pooling
bottomk_softmax_025,8,9,30,9,1,21,experiments/2026-09-28_codex_mta_matched-bottomk-policy/runtime_cohorts/post_reboot_001/historical_inputs/r1_select_20260818_170424_sweep_bk_r1full.jsonl,experiments/2026-09-28_codex_mta_matched-bottomk-policy/runtime_cohorts/post_reboot_001/main/matched50/cells/bottomk_softmax_025__seed8/attempt-001/row.json,6150FDA904E93A52E3C9F2FCF8178FC3873CF81CFB2CDB342E07FC6C1D5CC6E7,saved_common_metric_binary64_by_training_position_no_independent_replication_or_pooling
bottomk_softmax_025,9,9,30,9,1,21,experiments/2026-09-28_codex_mta_matched-bottomk-policy/runtime_cohorts/post_reboot_001/historical_inputs/r1_select_20260818_170424_sweep_bk_r1full.jsonl,experiments/2026-09-28_codex_mta_matched-bottomk-policy/runtime_cohorts/post_reboot_001/main/matched50/cells/bottomk_softmax_025__seed9/attempt-001/row.json,F1AC823C3668BE9D31B36BB3AAC397FE095C92F8DE520819B0A77006241E917C,saved_common_metric_binary64_by_training_position_no_independent_replication_or_pooling
softmax,0,30,30,30,1,0,experiments/2026-09-28_codex_mta_matched-bottomk-policy/runtime_cohorts/post_reboot_001/historical_inputs/r1_select_20260818_192148_ladder_ep30.jsonl,experiments/2026-09-28_codex_mta_matched-bottomk-policy/runtime_cohorts/post_reboot_001/main/matched50/cells/softmax__seed0/attempt-001/row.json,92AA9F29458162E5562927EB2FDFF9944B834415520E5611C10E92D5B1CD55EA,saved_common_metric_binary64_by_training_position_no_independent_replication_or_pooling
softmax,1,30,30,30,1,0,experiments/2026-09-28_codex_mta_matched-bottomk-policy/runtime_cohorts/post_reboot_001/historical_inputs/r1_select_20260818_192148_ladder_ep30.jsonl,experiments/2026-09-28_codex_mta_matched-bottomk-policy/runtime_cohorts/post_reboot_001/main/matched50/cells/softmax__seed1/attempt-001/row.json,2FD843715203EA39F3C150907D10AD5B528AA49BFF5D01C7B50E0D3A7E0BB3C7,saved_common_metric_binary64_by_training_position_no_independent_replication_or_pooling
softmax,2,30,30,30,1,0,experiments/2026-09-28_codex_mta_matched-bottomk-policy/runtime_cohorts/post_reboot_001/historical_inputs/r1_select_20260818_192148_ladder_ep30.jsonl,experiments/2026-09-28_codex_mta_matched-bottomk-policy/runtime_cohorts/post_reboot_001/main/matched50/cells/softmax__seed2/attempt-001/row.json,718524A38D9DAD692A48672CD17A501929F23FB4228921D5DBAE3A83A9199ADC,saved_common_metric_binary64_by_training_position_no_independent_replication_or_pooling
softmax,3,30,30,30,1,0,experiments/2026-09-28_codex_mta_matched-bottomk-policy/runtime_cohorts/post_reboot_001/historical_inputs/r1_select_20260818_192148_ladder_ep30.jsonl,experiments/2026-09-28_codex_mta_matched-bottomk-policy/runtime_cohorts/post_reboot_001/main/matched50/cells/softmax__seed3/attempt-001/row.json,23DE8B120B9C367A0BE873897E64C90A108F5A4ACEB5734C72B7CDE6DEC42F35,saved_common_metric_binary64_by_training_position_no_independent_replication_or_pooling
softmax,4,30,30,30,1,0,experiments/2026-09-28_codex_mta_matched-bottomk-policy/runtime_cohorts/post_reboot_001/historical_inputs/r1_select_20260818_192148_ladder_ep30.jsonl,experiments/2026-09-28_codex_mta_matched-bottomk-policy/runtime_cohorts/post_reboot_001/main/matched50/cells/softmax__seed4/attempt-001/row.json,36B0B62AA4F3B1505D5AF3F57D3F3827395FF2FD116C6EF4901D83E9E5BB6A40,saved_common_metric_binary64_by_training_position_no_independent_replication_or_pooling
softmax,5,30,30,30,1,0,experiments/2026-09-28_codex_mta_matched-bottomk-policy/runtime_cohorts/post_reboot_001/historical_inputs/r1_select_20260818_192148_ladder_ep30.jsonl,experiments/2026-09-28_codex_mta_matched-bottomk-policy/runtime_cohorts/post_reboot_001/main/matched50/cells/softmax__seed5/attempt-001/row.json,76C68FD7FB63A1241FCF1790EB60BF34EB6BA88ED64B9B72A378E2EB171CC86E,saved_common_metric_binary64_by_training_position_no_independent_replication_or_pooling
softmax,6,30,30,30,1,0,experiments/2026-09-28_codex_mta_matched-bottomk-policy/runtime_cohorts/post_reboot_001/historical_inputs/r1_select_20260818_192148_ladder_ep30.jsonl,experiments/2026-09-28_codex_mta_matched-bottomk-policy/runtime_cohorts/post_reboot_001/main/matched50/cells/softmax__seed6/attempt-001/row.json,952F6BA122DD72D03DF8484F853B35705555E8B6627C95A47E52D87D8DB6C3FC,saved_common_metric_binary64_by_training_position_no_independent_replication_or_pooling
softmax,7,30,30,30,1,0,experiments/2026-09-28_codex_mta_matched-bottomk-policy/runtime_cohorts/post_reboot_001/historical_inputs/r1_select_20260818_192148_ladder_ep30.jsonl,experiments/2026-09-28_codex_mta_matched-bottomk-policy/runtime_cohorts/post_reboot_001/main/matched50/cells/softmax__seed7/attempt-001/row.json,8930EA7A3961C267153EA2F79635F7381C9907A8AD943C47B8E4DA813E202241,saved_common_metric_binary64_by_training_position_no_independent_replication_or_pooling
softmax,8,30,30,30,1,0,experiments/2026-09-28_codex_mta_matched-bottomk-policy/runtime_cohorts/post_reboot_001/historical_inputs/r1_select_20260818_192148_ladder_ep30.jsonl,experiments/2026-09-28_codex_mta_matched-bottomk-policy/runtime_cohorts/post_reboot_001/main/matched50/cells/softmax__seed8/attempt-001/row.json,29DAE7524260AD6F61410644A668F40431A26039BF267BF48E1FFE74A8782505,saved_common_metric_binary64_by_training_position_no_independent_replication_or_pooling
softmax,9,30,30,30,1,0,experiments/2026-09-28_codex_mta_matched-bottomk-policy/runtime_cohorts/post_reboot_001/historical_inputs/r1_select_20260818_192148_ladder_ep30.jsonl,experiments/2026-09-28_codex_mta_matched-bottomk-policy/runtime_cohorts/post_reboot_001/main/matched50/cells/softmax__seed9/attempt-001/row.json,9CC298BF9C02DC940BC8297AF16F7716C21FC0B44F436D50610FAB63480EC9FB,saved_common_metric_binary64_by_training_position_no_independent_replication_or_pooling
topk_softmax_0125,0,30,30,30,1,0,experiments/2026-09-28_codex_mta_matched-bottomk-policy/runtime_cohorts/post_reboot_001/historical_inputs/r1_select_20260818_192148_ladder_ep30.jsonl,experiments/2026-09-28_codex_mta_matched-bottomk-policy/runtime_cohorts/post_reboot_001/main/matched50/cells/topk_softmax_0125__seed0/attempt-001/row.json,50414641D3168C0584B2827C61C3835606A6040EED90BE5E30ECDA50F491B18F,saved_common_metric_binary64_by_training_position_no_independent_replication_or_pooling
topk_softmax_0125,1,30,30,30,1,0,experiments/2026-09-28_codex_mta_matched-bottomk-policy/runtime_cohorts/post_reboot_001/historical_inputs/r1_select_20260818_192148_ladder_ep30.jsonl,experiments/2026-09-28_codex_mta_matched-bottomk-policy/runtime_cohorts/post_reboot_001/main/matched50/cells/topk_softmax_0125__seed1/attempt-001/row.json,D7587F3C2E0A92629CBB9CEE2DC01EA7A4C8B775302913D7CF03523A39BEED5F,saved_common_metric_binary64_by_training_position_no_independent_replication_or_pooling
topk_softmax_0125,2,30,30,30,1,0,experiments/2026-09-28_codex_mta_matched-bottomk-policy/runtime_cohorts/post_reboot_001/historical_inputs/r1_select_20260818_192148_ladder_ep30.jsonl,experiments/2026-09-28_codex_mta_matched-bottomk-policy/runtime_cohorts/post_reboot_001/main/matched50/cells/topk_softmax_0125__seed2/attempt-001/row.json,AF5F4D5E75775078D85C968301097F454DB49BAA475AA7DEB5D34C6D4DF6A7C7,saved_common_metric_binary64_by_training_position_no_independent_replication_or_pooling
topk_softmax_0125,3,30,30,30,1,0,experiments/2026-09-28_codex_mta_matched-bottomk-policy/runtime_cohorts/post_reboot_001/historical_inputs/r1_select_20260818_192148_ladder_ep30.jsonl,experiments/2026-09-28_codex_mta_matched-bottomk-policy/runtime_cohorts/post_reboot_001/main/matched50/cells/topk_softmax_0125__seed3/attempt-001/row.json,2C0215BE0CDE02AF0DB61F2FDF14ACB62025AD4A46EB89F05AE46C41E9F404F5,saved_common_metric_binary64_by_training_position_no_independent_replication_or_pooling
topk_softmax_0125,4,30,30,30,1,0,experiments/2026-09-28_codex_mta_matched-bottomk-policy/runtime_cohorts/post_reboot_001/historical_inputs/r1_select_20260818_192148_ladder_ep30.jsonl,experiments/2026-09-28_codex_mta_matched-bottomk-policy/runtime_cohorts/post_reboot_001/main/matched50/cells/topk_softmax_0125__seed4/attempt-001/row.json,43E0836EEB67E174B1C442C6AD84490AFE45C5504AB9909AF8899CF2F1F825AB,saved_common_metric_binary64_by_training_position_no_independent_replication_or_pooling
topk_softmax_0125,5,30,30,30,1,0,experiments/2026-09-28_codex_mta_matched-bottomk-policy/runtime_cohorts/post_reboot_001/historical_inputs/r1_select_20260818_192148_ladder_ep30.jsonl,experiments/2026-09-28_codex_mta_matched-bottomk-policy/runtime_cohorts/post_reboot_001/main/matched50/cells/topk_softmax_0125__seed5/attempt-001/row.json,9E339BEBE3DB39D594183A69FFABAB00F9AA1E72F2C31EE63B9A19B87C3F5299,saved_common_metric_binary64_by_training_position_no_independent_replication_or_pooling
topk_softmax_0125,6,30,30,30,1,0,experiments/2026-09-28_codex_mta_matched-bottomk-policy/runtime_cohorts/post_reboot_001/historical_inputs/r1_select_20260818_192148_ladder_ep30.jsonl,experiments/2026-09-28_codex_mta_matched-bottomk-policy/runtime_cohorts/post_reboot_001/main/matched50/cells/topk_softmax_0125__seed6/attempt-001/row.json,458597B43CE95B737AEAD45F811D72AC05BB7F8D71F855273C5A1A4EDB92F90F,saved_common_metric_binary64_by_training_position_no_independent_replication_or_pooling
topk_softmax_0125,7,30,30,30,1,0,experiments/2026-09-28_codex_mta_matched-bottomk-policy/runtime_cohorts/post_reboot_001/historical_inputs/r1_select_20260818_192148_ladder_ep30.jsonl,experiments/2026-09-28_codex_mta_matched-bottomk-policy/runtime_cohorts/post_reboot_001/main/matched50/cells/topk_softmax_0125__seed7/attempt-001/row.json,F1F20F9373B79A2CE44E72FB854DC96B482307AB9B3EF99E479706D308971BA9,saved_common_metric_binary64_by_training_position_no_independent_replication_or_pooling
topk_softmax_0125,8,30,30,30,1,0,experiments/2026-09-28_codex_mta_matched-bottomk-policy/runtime_cohorts/post_reboot_001/historical_inputs/r1_select_20260818_192148_ladder_ep30.jsonl,experiments/2026-09-28_codex_mta_matched-bottomk-policy/runtime_cohorts/post_reboot_001/main/matched50/cells/topk_softmax_0125__seed8/attempt-001/row.json,C2304B4B2B494C9A894F64FAA4B9DD04D2B2AF8A73E06C06EAC2990ED6E77EC6,saved_common_metric_binary64_by_training_position_no_independent_replication_or_pooling
topk_softmax_0125,9,30,30,30,1,0,experiments/2026-09-28_codex_mta_matched-bottomk-policy/runtime_cohorts/post_reboot_001/historical_inputs/r1_select_20260818_192148_ladder_ep30.jsonl,experiments/2026-09-28_codex_mta_matched-bottomk-policy/runtime_cohorts/post_reboot_001/main/matched50/cells/topk_softmax_0125__seed9/attempt-001/row.json,31E0587BD8091BC3C56A738F0E32135132646982EABCAB338F188D161B8C3C8B,saved_common_metric_binary64_by_training_position_no_independent_replication_or_pooling
topk_softmax_025,0,30,30,30,1,0,experiments/2026-09-28_codex_mta_matched-bottomk-policy/runtime_cohorts/post_reboot_001/historical_inputs/r1_select_20260818_192148_ladder_ep30.jsonl,experiments/2026-09-28_codex_mta_matched-bottomk-policy/runtime_cohorts/post_reboot_001/main/matched50/cells/topk_softmax_025__seed0/attempt-001/row.json,EF360B27FDB8FAC8D5D19F01122DD7E6098A4EF5219F17E3777C83B9AA0D9B17,saved_common_metric_binary64_by_training_position_no_independent_replication_or_pooling
topk_softmax_025,1,30,30,30,1,0,experiments/2026-09-28_codex_mta_matched-bottomk-policy/runtime_cohorts/post_reboot_001/historical_inputs/r1_select_20260818_192148_ladder_ep30.jsonl,experiments/2026-09-28_codex_mta_matched-bottomk-policy/runtime_cohorts/post_reboot_001/main/matched50/cells/topk_softmax_025__seed1/attempt-001/row.json,2633155FEDAA19015B6489314937B8B752535A70181257D87B457D1AAC91A8A3,saved_common_metric_binary64_by_training_position_no_independent_replication_or_pooling
topk_softmax_025,2,30,30,30,1,0,experiments/2026-09-28_codex_mta_matched-bottomk-policy/runtime_cohorts/post_reboot_001/historical_inputs/r1_select_20260818_192148_ladder_ep30.jsonl,experiments/2026-09-28_codex_mta_matched-bottomk-policy/runtime_cohorts/post_reboot_001/main/matched50/cells/topk_softmax_025__seed2/attempt-001/row.json,34A7EDADF0D2D5AC6853344E9AE15FC6219AE1E9578E1BC45144C02AB6FEC113,saved_common_metric_binary64_by_training_position_no_independent_replication_or_pooling
topk_softmax_025,3,30,30,30,1,0,experiments/2026-09-28_codex_mta_matched-bottomk-policy/runtime_cohorts/post_reboot_001/historical_inputs/r1_select_20260818_192148_ladder_ep30.jsonl,experiments/2026-09-28_codex_mta_matched-bottomk-policy/runtime_cohorts/post_reboot_001/main/matched50/cells/topk_softmax_025__seed3/attempt-001/row.json,762946CF4615A889373168D28B97678DC42F64E4F2EEFC38637B250608DC6DFE,saved_common_metric_binary64_by_training_position_no_independent_replication_or_pooling
topk_softmax_025,4,30,30,30,1,0,experiments/2026-09-28_codex_mta_matched-bottomk-policy/runtime_cohorts/post_reboot_001/historical_inputs/r1_select_20260818_192148_ladder_ep30.jsonl,experiments/2026-09-28_codex_mta_matched-bottomk-policy/runtime_cohorts/post_reboot_001/main/matched50/cells/topk_softmax_025__seed4/attempt-001/row.json,58249D6E7D0B4335A1CC300929ED6694F1C71A0CAC7949DBBCAB63012F11876C,saved_common_metric_binary64_by_training_position_no_independent_replication_or_pooling
topk_softmax_025,5,30,30,30,1,0,experiments/2026-09-28_codex_mta_matched-bottomk-policy/runtime_cohorts/post_reboot_001/historical_inputs/r1_select_20260818_192148_ladder_ep30.jsonl,experiments/2026-09-28_codex_mta_matched-bottomk-policy/runtime_cohorts/post_reboot_001/main/matched50/cells/topk_softmax_025__seed5/attempt-001/row.json,8316782E6A5C5D6971B86F97F3ABD1DD72F5CA712CF182A05F4583FD90BEBA84,saved_common_metric_binary64_by_training_position_no_independent_replication_or_pooling
topk_softmax_025,6,30,30,30,1,0,experiments/2026-09-28_codex_mta_matched-bottomk-policy/runtime_cohorts/post_reboot_001/historical_inputs/r1_select_20260818_192148_ladder_ep30.jsonl,experiments/2026-09-28_codex_mta_matched-bottomk-policy/runtime_cohorts/post_reboot_001/main/matched50/cells/topk_softmax_025__seed6/attempt-001/row.json,145534B816669080DCB36B1E9291BA560F88A3280E82946F9CCA288FC30397C5,saved_common_metric_binary64_by_training_position_no_independent_replication_or_pooling
topk_softmax_025,7,30,30,30,1,0,experiments/2026-09-28_codex_mta_matched-bottomk-policy/runtime_cohorts/post_reboot_001/historical_inputs/r1_select_20260818_192148_ladder_ep30.jsonl,experiments/2026-09-28_codex_mta_matched-bottomk-policy/runtime_cohorts/post_reboot_001/main/matched50/cells/topk_softmax_025__seed7/attempt-001/row.json,CB4626DFB60C9B929966AD9129B5579155D9D55A19594F94E6B6A394AB77F882,saved_common_metric_binary64_by_training_position_no_independent_replication_or_pooling
topk_softmax_025,8,30,30,30,1,0,experiments/2026-09-28_codex_mta_matched-bottomk-policy/runtime_cohorts/post_reboot_001/historical_inputs/r1_select_20260818_192148_ladder_ep30.jsonl,experiments/2026-09-28_codex_mta_matched-bottomk-policy/runtime_cohorts/post_reboot_001/main/matched50/cells/topk_softmax_025__seed8/attempt-001/row.json,24FF37535B37BB90343C5DEC6C1896B7F4E731785879E32B484AB2365B25DC65,saved_common_metric_binary64_by_training_position_no_independent_replication_or_pooling
topk_softmax_025,9,30,30,30,1,0,experiments/2026-09-28_codex_mta_matched-bottomk-policy/runtime_cohorts/post_reboot_001/historical_inputs/r1_select_20260818_192148_ladder_ep30.jsonl,experiments/2026-09-28_codex_mta_matched-bottomk-policy/runtime_cohorts/post_reboot_001/main/matched50/cells/topk_softmax_025__seed9/attempt-001/row.json,C4B05629F374BD691324B48342FE93EE07F8C3AE7FEB614F97441CC6E2AE3DDB,saved_common_metric_binary64_by_training_position_no_independent_replication_or_pooling
