dataset,architecture,tier,registered_target_epoch,right_censored,observed_positive_to_nonpositive_event,updates_per_epoch,event_start_updates,three_epoch_rule_detection_updates,observed_followup_updates
mnist,plain_transformer,compact,31,1,0,188,,,5640
mnist,plain_transformer,deep,6,0,1,188,1128,1504,5640
mnist,plain_transformer,wide,23,0,1,188,4324,4700,5640
mnist,local_hybrid,compact,9,0,1,188,1692,2068,5640
mnist,local_hybrid,deep,6,0,1,188,1128,1504,5640
mnist,local_hybrid,wide,8,0,1,188,1504,1880,5640
fashion_mnist,plain_transformer,compact,31,1,0,188,,,5640
fashion_mnist,plain_transformer,deep,25,0,1,188,4700,5076,5640
fashion_mnist,plain_transformer,wide,31,1,0,188,,,5640
fashion_mnist,local_hybrid,compact,31,1,0,188,,,5640
fashion_mnist,local_hybrid,deep,13,0,1,188,2444,2820,5640
fashion_mnist,local_hybrid,wide,23,0,1,188,4324,4700,5640
kmnist,plain_transformer,compact,31,1,0,188,,,5640
kmnist,plain_transformer,deep,31,1,0,188,,,5640
kmnist,plain_transformer,wide,14,0,1,188,2632,3008,5640
kmnist,local_hybrid,compact,28,0,1,188,5264,5640,5640
kmnist,local_hybrid,deep,17,0,1,188,3196,3572,5640
kmnist,local_hybrid,wide,13,0,1,188,2444,2820,5640
cifar10,plain_transformer,compact,14,0,1,157,2198,2512,4710
cifar10,plain_transformer,deep,15,0,1,157,2355,2669,4710
cifar10,plain_transformer,wide,8,0,1,157,1256,1570,4710
cifar10,local_hybrid,compact,12,0,1,157,1884,2198,4710
cifar10,local_hybrid,deep,31,1,0,157,,,4710
cifar10,local_hybrid,wide,9,0,1,157,1413,1727,4710
cifar100,plain_transformer,compact,15,0,1,157,2355,2669,4710
cifar100,plain_transformer,deep,12,0,1,157,1884,2198,4710
cifar100,plain_transformer,wide,9,0,1,157,1413,1727,4710
cifar100,local_hybrid,compact,16,0,1,157,2512,2826,4710
cifar100,local_hybrid,deep,13,0,1,157,2041,2355,4710
cifar100,local_hybrid,wide,11,0,1,157,1727,2041,4710
twenty_news,plain_transformer,compact,21,0,1,36,756,828,1080
twenty_news,plain_transformer,deep,31,1,0,36,,,1080
twenty_news,plain_transformer,wide,31,1,0,36,,,1080
twenty_news,local_hybrid,compact,31,1,0,36,,,1080
twenty_news,local_hybrid,deep,31,1,0,36,,,1080
twenty_news,local_hybrid,wide,31,1,0,36,,,1080
synthetic_marker,plain_transformer,compact,7,0,1,79,553,711,2370
synthetic_marker,plain_transformer,deep,3,0,0,79,,,2370
synthetic_marker,plain_transformer,wide,3,0,0,79,,,2370
synthetic_marker,local_hybrid,compact,31,1,0,79,,,2370
synthetic_marker,local_hybrid,deep,5,0,1,79,395,553,2370
synthetic_marker,local_hybrid,wide,3,0,0,79,,,2370
emnist_letters,plain_transformer,compact,24,0,1,390,9360,10140,11700
emnist_letters,plain_transformer,deep,8,0,1,390,3120,3900,11700
emnist_letters,plain_transformer,wide,9,0,1,390,3510,4290,11700
emnist_letters,local_hybrid,compact,12,0,1,390,4680,5460,11700
emnist_letters,local_hybrid,deep,4,0,1,390,1560,2340,11700
emnist_letters,local_hybrid,wide,13,0,1,390,5070,5850,11700
emnist_digits,plain_transformer,compact,17,0,1,750,12750,14250,22500
emnist_digits,plain_transformer,deep,9,0,1,750,6750,8250,22500
emnist_digits,plain_transformer,wide,12,0,1,750,9000,10500,22500
emnist_digits,local_hybrid,compact,13,0,1,750,9750,11250,22500
emnist_digits,local_hybrid,deep,10,0,1,750,7500,9000,22500
emnist_digits,local_hybrid,wide,8,0,1,750,6000,7500,22500
usps,plain_transformer,compact,31,1,0,23,,,690
usps,plain_transformer,deep,31,1,0,23,,,690
usps,plain_transformer,wide,31,1,0,23,,,690
usps,local_hybrid,compact,14,0,1,23,322,368,690
usps,local_hybrid,deep,31,1,0,23,,,690
usps,local_hybrid,wide,31,1,0,23,,,690
