dataset,fitting_examples,validation_examples,batch_size,updates_per_epoch,updates_through_epoch30
mnist,48000,12000,256,188,5640
fashion_mnist,48000,12000,256,188,5640
kmnist,48000,12000,256,188,5640
cifar10,40000,10000,256,157,4710
cifar100,40000,10000,256,157,4710
twenty_news,9051,2263,256,36,1080
synthetic_marker,20000,4000,256,79,2370
emnist_letters,99840,24960,256,390,11700
emnist_digits,192000,48000,256,750,22500
usps,5833,1458,256,23,690
emnist_balanced,90240,22560,256,353,10590
k49,185892,46473,256,727,21810
svhn,58606,14651,256,229,6870
