dataset,dataset_source,method,seed,status,epochs,train_n,test_n,input_kind,seq_len,classes,embed_dim,heads,layers,device,parameter_count,train_seconds,train_loss_last,learned_alpha_mean,attention_nonzero_ratio_last,peak_memory_mb,accuracy,macro_f1,loss,inference_seconds,nonzero_ratio,wall_seconds_total
cifar10,torchvision:cifar10,entmax15,0,completed,6,8000,2000,patch,16,10,64,4,2,cuda,114122,28.609490100003317,1.9011310338974,,0.7674416303634644,38.8212890625,0.4095,0.3998117704012708,1.6132508856909615,0.5873763999843504,0.769290546576182,33.070475999993505
cifar10,torchvision:cifar10,entmax15,1,completed,6,8000,2000,patch,16,10,64,4,2,cuda,114122,32.341350200003944,1.8454484939575195,,0.8097318410873413,38.8212890625,0.4115,0.3999503263501544,1.6077451705932615,0.4316854000207968,0.8068905685629163,36.86362979997648
cifar10,torchvision:cifar10,entmax15,2,completed,6,8000,2000,patch,16,10,64,4,2,cuda,114122,26.89945179998176,1.6575723886489868,,0.7207936942577362,38.8212890625,0.3835,0.3758432687493497,1.6776675950913202,0.5350772999809124,0.7302521623316265,31.114531300001545
cifar10,torchvision:cifar10,entmax15,3,completed,6,8000,2000,patch,16,10,64,4,2,cuda,114122,34.961222699988866,1.5370855331420898,,0.7997026443481445,38.8212890625,0.3735,0.3519676836692012,1.6879396438598633,0.7380717000050936,0.8036953267597017,40.89804810000351
cifar10,torchvision:cifar10,entmax15,4,completed,6,8000,2000,patch,16,10,64,4,2,cuda,114122,39.2937751999998,1.538881540298462,,0.7256650328636169,38.8212890625,0.393,0.3763421783379383,1.6620170502435594,0.7041336000256706,0.7346047120434898,44.46136090002256
cifar10,torchvision:cifar10,entmax15,5,completed,6,8000,2000,patch,16,10,64,4,2,cuda,114122,30.472239900002023,1.4926888942718506,,0.7722102105617523,38.8212890625,0.3755,0.3651359696039652,1.6942134698232014,0.452919799980009,0.7628166888441358,34.00617469998542
cifar10,torchvision:cifar10,entmax15,6,completed,6,8000,2000,patch,16,10,64,4,2,cuda,114122,26.568949999986216,1.6538939476013184,,0.7524113357067108,38.8212890625,0.402,0.3897193700623422,1.6640904006503878,0.4421321999980137,0.76610238637243,30.18800510000437
cifar10,torchvision:cifar10,entmax15,7,completed,6,8000,2000,patch,16,10,64,4,2,cuda,114122,23.058303600002542,1.785053014755249,,0.7391273975372314,38.8212890625,0.396,0.3879288404350248,1.6632083824702673,0.599784299993189,0.7340095582462492,26.743398199992956
cifar10,torchvision:cifar10,entmax15,8,completed,6,8000,2000,patch,16,10,64,4,2,cuda,114122,26.45776199997636,1.4385184049606323,,0.7316284775733948,38.8212890625,0.409,0.4004217969091938,1.6053220487776256,0.4153337999887299,0.7411255566846757,30.02640489998157
cifar10,torchvision:cifar10,entmax15,9,completed,6,8000,2000,patch,16,10,64,4,2,cuda,114122,23.41294929999276,1.700551152229309,,0.8170090913772583,38.8212890625,0.4025,0.3838351822783369,1.6079713219688052,0.4857080999936443,0.826355346611568,26.9454235000012
cifar10,torchvision:cifar10,headwise_adaptive_entmax,0,completed,6,8000,2000,patch,16,10,64,4,2,cuda,114130,27.79035080000176,1.8851118087768557,1.50700706243515,0.7764976322650909,39.67578125,0.4145,0.4041324572749986,1.6144726844060988,0.4886996000132058,0.7798361565385546,32.39820120000513
cifar10,torchvision:cifar10,headwise_adaptive_entmax,1,completed,6,8000,2000,patch,16,10,64,4,2,cuda,114130,44.35222410000279,1.8657684326171875,1.5064650774002075,0.8076827526092529,39.67578125,0.4065,0.3944120285954511,1.6101435933794297,0.5176198999979533,0.8059193591276804,48.322978200012585
cifar10,torchvision:cifar10,headwise_adaptive_entmax,2,completed,6,8000,2000,patch,16,10,64,4,2,cuda,114130,27.48928209999576,1.6667171716690063,1.5042408108711245,0.7295415103435516,39.67578125,0.388,0.3810243130181003,1.6743280036108834,0.4804998000035994,0.7377734382947286,31.483314700017218
cifar10,torchvision:cifar10,headwise_adaptive_entmax,3,completed,6,8000,2000,patch,16,10,64,4,2,cuda,114130,31.13001079999958,1.5730937719345093,1.5058029890060425,0.7992214858531952,39.67578125,0.388,0.3674688500399742,1.6747538986660184,0.7188027999945916,0.8030043130829221,35.37652459999663
cifar10,torchvision:cifar10,headwise_adaptive_entmax,4,completed,6,8000,2000,patch,16,10,64,4,2,cuda,114130,36.32755409998936,1.5259687900543213,1.5057157278060913,0.7262272834777832,39.67578125,0.397,0.3809727297043282,1.6521251258395968,0.6046211000066251,0.7344143646103996,42.05254710000008
cifar10,torchvision:cifar10,headwise_adaptive_entmax,5,completed,6,8000,2000,patch,16,10,64,4,2,cuda,114130,25.578365699999267,1.5031689405441284,1.5052720308303833,0.7644788026809692,39.67578125,0.374,0.3613185515554883,1.6963977416356404,0.6859408000018448,0.7532624999682108,29.488008600019384
cifar10,torchvision:cifar10,headwise_adaptive_entmax,6,completed,6,8000,2000,patch,16,10,64,4,2,cuda,114130,25.21980329998769,1.6443918943405151,1.5076430439949036,0.7657223343849182,39.67578125,0.3975,0.3863919371124495,1.669959925469898,1.0669230000057723,0.7787291804949442,29.93834399999469
cifar10,torchvision:cifar10,headwise_adaptive_entmax,7,completed,6,8000,2000,patch,16,10,64,4,2,cuda,114130,27.475293099996637,1.7927716970443726,1.5072466731071472,0.7335315644741058,39.67578125,0.3935,0.3841398584181634,1.6654023613248552,0.4808611000189557,0.7283993789127895,32.854417399998056
cifar10,torchvision:cifar10,headwise_adaptive_entmax,8,completed,6,8000,2000,patch,16,10,64,4,2,cuda,114130,23.738574899995,1.4257161617279053,1.502501368522644,0.7295577526092529,39.67578125,0.4045,0.3910014361303259,1.600888660975865,0.4170059000025503,0.7387862276463282,27.322824199975003
cifar10,torchvision:cifar10,headwise_adaptive_entmax,9,completed,6,8000,2000,patch,16,10,64,4,2,cuda,114130,23.499177300021984,1.7237441539764404,1.5029385685920715,0.8202314078807831,39.67578125,0.407,0.3858390050487553,1.6067090431849165,0.4317604000098072,0.8294530184496016,27.192144800006645
cifar10,torchvision:cifar10,softmax,0,completed,6,8000,2000,patch,16,10,64,4,2,cuda,114122,7.086256599985063,1.7971245050430298,,0.9995566606521606,35.486328125,0.401,0.3874379917490329,1.6239494709741502,0.1239706999913323,0.999437540769577,10.941193600010592
cifar10,torchvision:cifar10,softmax,1,completed,6,8000,2000,patch,16,10,64,4,2,cuda,114122,6.85682449999149,1.9032946825027464,,1.0,35.486328125,0.397,0.3820875350459981,1.6253844442821683,0.1173819999967236,0.999990294377009,10.665530600002969
cifar10,torchvision:cifar10,softmax,2,completed,6,8000,2000,patch,16,10,64,4,2,cuda,114122,6.7596956999914255,1.7566486597061155,,1.0,35.486328125,0.386,0.3720661881307819,1.6710507415589833,0.1190901999943889,0.9999688395432064,10.203831099992383
cifar10,torchvision:cifar10,softmax,3,completed,6,8000,2000,patch,16,10,64,4,2,cuda,114122,10.172120800008996,1.5688785314559937,,1.0,35.486328125,0.375,0.3443105222801029,1.703305613426935,0.1456359000003431,0.9999958688304538,16.019136499991873
cifar10,torchvision:cifar10,softmax,4,completed,6,8000,2000,patch,16,10,64,4,2,cuda,114122,7.315837100002682,1.5745128393173218,,0.9999783933162688,35.486328125,0.3625,0.3345084488247626,1.7034033423378354,0.1336928000091575,0.999947651511147,11.21528259999468
cifar10,torchvision:cifar10,softmax,5,completed,6,8000,2000,patch,16,10,64,4,2,cuda,114122,5.9179886000056285,1.5741039514541626,,0.9999621510505676,35.486328125,0.353,0.3382383686503122,1.7221982024964833,0.1076955000171437,0.9997999128841218,9.54773930000374
cifar10,torchvision:cifar10,softmax,6,completed,6,8000,2000,patch,16,10,64,4,2,cuda,114122,7.096605800004909,1.646054744720459,,0.9996377527713776,35.486328125,0.395,0.3889647714974193,1.6878051303681874,0.2922773000027518,0.999857410078957,10.81169729999965
cifar10,torchvision:cifar10,softmax,7,completed,6,8000,2000,patch,16,10,64,4,2,cuda,114122,7.3136184999893885,1.7489957809448242,,0.9993512332439424,35.486328125,0.3555,0.3487728104644645,1.7183739457811629,0.1536026000103447,0.999208927154541,13.344204499997431
cifar10,torchvision:cifar10,softmax,8,completed,6,8000,2000,patch,16,10,64,4,2,cuda,114122,5.854773499973817,1.5917688608169556,,0.9999297261238098,35.486328125,0.395,0.3797879034808469,1.6193126837412517,0.0991203000012319,0.9997097651163735,9.763971600012155
cifar10,torchvision:cifar10,softmax,9,completed,6,8000,2000,patch,16,10,64,4,2,cuda,114122,5.796061600005487,1.6912717819213867,,0.9971831738948822,35.486328125,0.402,0.3810745570589705,1.6374534084683372,0.0962579000042751,0.996917731705166,9.23728500001016
cifar10,torchvision:cifar10,sparsemax,0,completed,6,8000,2000,patch,16,10,64,4,2,cuda,114122,36.07386709999992,1.857814908027649,,0.3983888328075409,39.1220703125,0.4035,0.3893221807517958,1.5999902600333804,0.7647023999888916,0.4030129490863709,50.45012150000548
cifar10,torchvision:cifar10,sparsemax,1,completed,6,8000,2000,patch,16,10,64,4,2,cuda,114122,10.004414299997734,1.873428225517273,,0.4781520515680313,39.1220703125,0.414,0.4153174579297916,1.6125692980630058,0.1947833000158425,0.4710136233341126,17.10243639998953
cifar10,torchvision:cifar10,sparsemax,2,completed,6,8000,2000,patch,16,10,64,4,2,cuda,114122,9.429198900004849,1.7536604404449463,,0.4433391094207763,39.1220703125,0.391,0.3851118607765567,1.688478912625994,0.1563779000134673,0.4474493726378395,14.006522100011352
cifar10,torchvision:cifar10,sparsemax,3,completed,6,8000,2000,patch,16,10,64,4,2,cuda,114122,8.30858499999158,1.575332522392273,,0.4544117748737335,39.1220703125,0.378,0.3466000861198348,1.6929758560089838,0.1345181000069715,0.4587496632621402,12.180190800019773
cifar10,torchvision:cifar10,sparsemax,4,completed,6,8000,2000,patch,16,10,64,4,2,cuda,114122,8.398046499991324,1.5268449783325195,,0.4109320938587188,39.1220703125,0.4005,0.3831587975759821,1.6296724194572083,0.1322600999847054,0.414650817712148,11.867702299990924
cifar10,torchvision:cifar10,sparsemax,5,completed,6,8000,2000,patch,16,10,64,4,2,cuda,114122,8.117511599994032,1.5387423038482666,,0.5006704181432724,39.1220703125,0.358,0.3471712627561396,1.7115522850127447,0.1335573999967891,0.4840790792590096,11.769622299994808
cifar10,torchvision:cifar10,sparsemax,6,completed,6,8000,2000,patch,16,10,64,4,2,cuda,114122,12.233816100022525,1.7663226127624512,,0.4701286852359772,39.1220703125,0.3925,0.3860227007520464,1.659650479044233,0.1631226000026799,0.4906326667183921,15.91409289999865
cifar10,torchvision:cifar10,sparsemax,7,completed,6,8000,2000,patch,16,10,64,4,2,cuda,114122,7.816167099983431,1.6065293550491333,,0.4643003791570663,39.1220703125,0.403,0.395961794560895,1.617887326649257,0.1331027999985963,0.4579560160636902,11.361388500023168
cifar10,torchvision:cifar10,sparsemax,8,completed,6,8000,2000,patch,16,10,64,4,2,cuda,114122,7.9783656999934465,1.623268961906433,,0.432763859629631,39.1220703125,0.4125,0.3988934797779809,1.6040952319190616,0.1327227000147104,0.4404802116609755,12.20261050001136
cifar10,torchvision:cifar10,sparsemax,9,completed,6,8000,2000,patch,16,10,64,4,2,cuda,114122,7.463263399986317,1.7105728387832642,,0.5048443078994751,39.1220703125,0.3865,0.364793251349874,1.6734274114881242,0.1329153999977279,0.5092950420720237,10.680078000004867
cifar10,torchvision:cifar10,topk_softmax_0125,0,completed,6,8000,2000,patch,16,10,64,4,2,cuda,114122,7.55622240001685,1.5737918615341189,,0.1764705926179886,35.78515625,0.412,0.4024565716806333,1.5812506789252871,0.1246545999892987,0.1764705784264065,11.029024000017673
cifar10,torchvision:cifar10,topk_softmax_0125,1,completed,6,8000,2000,patch,16,10,64,4,2,cuda,114122,9.68599689999246,1.7246683835983276,,0.1764705926179886,35.78515625,0.4045,0.3971553960253449,1.626757786387489,0.174149500002386,0.1764705784264065,13.916171199991368
cifar10,torchvision:cifar10,topk_softmax_0125,2,completed,6,8000,2000,patch,16,10,64,4,2,cuda,114122,8.185576600022614,1.8385676145553589,,0.1764705926179886,35.78515625,0.395,0.3844232563936388,1.6627491315205891,0.1862586000061128,0.1764705784264065,12.128719999978784
cifar10,torchvision:cifar10,topk_softmax_0125,3,completed,6,8000,2000,patch,16,10,64,4,2,cuda,114122,7.4423976999823935,1.6044520139694214,,0.1764705926179886,35.78515625,0.393,0.3678908827342768,1.6459309260050456,0.1313479999953415,0.1764705784264065,11.09740219998639
cifar10,torchvision:cifar10,topk_softmax_0125,4,completed,6,8000,2000,patch,16,10,64,4,2,cuda,114122,7.673271500010742,1.569609522819519,,0.1764705926179886,35.78515625,0.4045,0.3887559596032536,1.6239437205450875,0.1538881000014953,0.1764705784264065,11.24423390001175
cifar10,torchvision:cifar10,topk_softmax_0125,5,completed,6,8000,2000,patch,16,10,64,4,2,cuda,114122,10.061109100002795,1.6603502035140991,,0.1764705926179886,35.78515625,0.388,0.379338782189159,1.6641197034290858,0.1469495000201277,0.1764705784264065,13.28993850000552
cifar10,torchvision:cifar10,topk_softmax_0125,6,completed,6,8000,2000,patch,16,10,64,4,2,cuda,114122,8.417023899994092,1.5892212390899658,,0.1764705926179886,35.78515625,0.414,0.4116728827915991,1.6413915441149758,0.1639146000088658,0.1764705784264065,12.121008299989626
cifar10,torchvision:cifar10,topk_softmax_0125,7,completed,6,8000,2000,patch,16,10,64,4,2,cuda,114122,6.630359500006307,1.6321163177490234,,0.1764705926179886,35.78515625,0.4085,0.4049063742392315,1.6299449716295515,0.1236577999952714,0.1764705784264065,10.01255289997789
cifar10,torchvision:cifar10,topk_softmax_0125,8,completed,6,8000,2000,patch,16,10,64,4,2,cuda,114122,8.618630899989512,1.5306724309921265,,0.1764705926179886,35.78515625,0.403,0.3951034400435971,1.6226829460689,0.1398658999823965,0.1764705784264065,11.938292999984697
cifar10,torchvision:cifar10,topk_softmax_0125,9,completed,6,8000,2000,patch,16,10,64,4,2,cuda,114122,6.925549300009152,1.6608214378356934,,0.1764705926179886,35.78515625,0.422,0.4121420986548828,1.59903461592538,0.1206360000069253,0.1764705784264065,10.343613299977733
cifar10,torchvision:cifar10,topk_softmax_025,0,completed,6,8000,2000,patch,16,10,64,4,2,cuda,114122,9.200268599990522,1.7249940633773804,,0.294117659330368,35.984375,0.4185,0.4073571950780003,1.5751761027744835,0.1275187999999616,0.2941176309472039,12.787207500019576
cifar10,torchvision:cifar10,topk_softmax_025,1,completed,6,8000,2000,patch,16,10,64,4,2,cuda,114122,7.45203450002009,1.755383849143982,,0.294117659330368,35.984375,0.41,0.3966289180085144,1.6022324107942127,0.1316533000208437,0.2941176309472039,11.620334100007312
cifar10,torchvision:cifar10,topk_softmax_025,2,completed,6,8000,2000,patch,16,10,64,4,2,cuda,114122,11.453639600018503,1.6767640113830566,,0.294117659330368,35.984375,0.402,0.394623822061232,1.6456043266114735,0.1706423999858088,0.2941176309472039,15.36447960001533
cifar10,torchvision:cifar10,topk_softmax_025,3,completed,6,8000,2000,patch,16,10,64,4,2,cuda,114122,8.060709200013662,1.6154524087905884,,0.294117659330368,35.984375,0.393,0.3761095178343497,1.6808246941793532,0.1238430999801494,0.2941176309472039,12.131401399994502
cifar10,torchvision:cifar10,topk_softmax_025,4,completed,6,8000,2000,patch,16,10,64,4,2,cuda,114122,8.084975999983726,1.5864465236663818,,0.294117659330368,35.984375,0.399,0.3817209724994673,1.6335093464170185,0.1639613999868743,0.2941176309472039,11.817528199986556
cifar10,torchvision:cifar10,topk_softmax_025,5,completed,6,8000,2000,patch,16,10,64,4,2,cuda,114122,6.498550299991621,1.5944321155548096,,0.294117659330368,35.984375,0.4045,0.3946250517415595,1.6327407076245262,0.1300397999875713,0.2941176309472039,9.729536400001962
cifar10,torchvision:cifar10,topk_softmax_025,6,completed,6,8000,2000,patch,16,10,64,4,2,cuda,114122,10.09784740000032,1.6336514949798584,,0.294117659330368,35.984375,0.414,0.4092792740750804,1.6188603582836332,0.1506852000020444,0.2941176309472039,14.026794899982631
cifar10,torchvision:cifar10,topk_softmax_025,7,completed,6,8000,2000,patch,16,10,64,4,2,cuda,114122,6.849977200006833,1.6763452291488647,,0.294117659330368,35.984375,0.4045,0.3931373890096909,1.6042975187301636,0.1563016999862156,0.2941176309472039,11.228168400004506
cifar10,torchvision:cifar10,topk_softmax_025,8,completed,6,8000,2000,patch,16,10,64,4,2,cuda,114122,6.77827320000506,1.488800883293152,,0.294117659330368,35.984375,0.4125,0.4090875854833903,1.6041672286533175,0.1509696000139229,0.2941176309472039,10.478520100004973
cifar10,torchvision:cifar10,topk_softmax_025,9,completed,6,8000,2000,patch,16,10,64,4,2,cuda,114122,8.4629491000087,1.613204836845398,,0.294117659330368,35.984375,0.427,0.4136465105834831,1.5732633443105788,0.160115799983032,0.2941174166543143,12.438104600005316
cifar10,torchvision:cifar10,topk_softmax_05,0,completed,6,8000,2000,patch,16,10,64,4,2,cuda,114122,7.919869400007883,1.839743733406067,,0.529411792755127,36.3828125,0.4165,0.3949145410649965,1.586422670455206,0.132331000000704,0.5294117359887986,11.485396600008244
cifar10,torchvision:cifar10,topk_softmax_05,1,completed,6,8000,2000,patch,16,10,64,4,2,cuda,114122,7.870915300009074,1.7437047958374023,,0.529411792755127,36.3828125,0.417,0.4033316254280012,1.5928611414773124,0.1450661999988369,0.5294117359887986,11.691004799999064
cifar10,torchvision:cifar10,topk_softmax_05,2,completed,6,8000,2000,patch,16,10,64,4,2,cuda,114122,7.882952999992995,1.5910422801971436,,0.529411792755127,36.3828125,0.404,0.3914490907427957,1.6527320941289263,0.1631273000093642,0.5294117359887986,11.730256200011354
cifar10,torchvision:cifar10,topk_softmax_05,3,completed,6,8000,2000,patch,16,10,64,4,2,cuda,114122,24.851149199996144,1.6222323179244995,,0.529411792755127,36.3828125,0.397,0.372661488183848,1.6509906961804344,0.4369620000070426,0.5294117359887986,29.31301969999913
cifar10,torchvision:cifar10,topk_softmax_05,4,completed,6,8000,2000,patch,16,10,64,4,2,cuda,114122,28.70140669998364,1.5966103076934814,,0.529411792755127,36.3828125,0.4135,0.4007314347500493,1.6135176533744449,0.5576032000244595,0.5294117359887986,42.89389300000039
cifar10,torchvision:cifar10,topk_softmax_05,5,completed,6,8000,2000,patch,16,10,64,4,2,cuda,114122,6.735342500003753,1.476155400276184,,0.529411792755127,36.3828125,0.395,0.3840846856038148,1.6635600385211764,0.1392629999900236,0.5294117359887986,10.136011299997335
cifar10,torchvision:cifar10,topk_softmax_05,6,completed,6,8000,2000,patch,16,10,64,4,2,cuda,114122,10.451284000009764,1.6765698194503784,,0.529411792755127,36.3828125,0.402,0.398602150304404,1.631696275302342,0.1446448000206146,0.5294117359887986,14.146408900007373
cifar10,torchvision:cifar10,topk_softmax_05,7,completed,6,8000,2000,patch,16,10,64,4,2,cuda,114122,7.142784800002119,1.7531249523162842,,0.529411792755127,36.3828125,0.393,0.3773507536413011,1.661339515731448,0.1270436999911908,0.5294068029948643,10.731077800010098
cifar10,torchvision:cifar10,topk_softmax_05,8,completed,6,8000,2000,patch,16,10,64,4,2,cuda,114122,6.4302703000139445,1.5736905336380005,,0.529411792755127,36.3828125,0.412,0.3994771310406836,1.6107230016163416,0.1251530000008642,0.5293967212949481,9.692548600025477
cifar10,torchvision:cifar10,topk_softmax_05,9,completed,6,8000,2000,patch,16,10,64,4,2,cuda,114122,10.738920199975835,1.6252278089523315,,0.529411792755127,36.3828125,0.407,0.3843442475920421,1.6050113950456892,0.1483562999928835,0.529408947342918,13.9962138000119
fashion_mnist,torchvision:fashion_mnist,entmax15,0,completed,6,8000,2000,patch,16,10,64,4,2,cuda,104970,29.956468499993207,0.3132249414920807,,0.7696420848369598,37.87939453125,0.8075,0.8096557326760285,0.5510071388312748,0.5001278000127058,0.7667407464413416,32.301195100008044
fashion_mnist,torchvision:fashion_mnist,entmax15,1,completed,6,8000,2000,patch,16,10,64,4,2,cuda,104970,29.790603100002045,0.3403764963150024,,0.7978265881538391,37.87939453125,0.8005,0.7938911916883434,0.6006409085932232,0.6206117999972776,0.8016403147152492,31.765943599981256
fashion_mnist,torchvision:fashion_mnist,entmax15,2,completed,6,8000,2000,patch,16,10,64,4,2,cuda,104970,27.928215099993395,0.4575539827346802,,0.7908142507076263,37.87939453125,0.8005,0.7996402741303144,0.566207427354086,0.57113450000179,0.7913089508102054,30.0352300000086
fashion_mnist,torchvision:fashion_mnist,entmax15,3,completed,6,8000,2000,patch,16,10,64,4,2,cuda,104970,28.87280859999009,0.6565660834312439,,0.7921172380447388,37.87939453125,0.794,0.796328620858308,0.5524365462007976,0.8834797000163235,0.7871866935775393,31.265768699988257
fashion_mnist,torchvision:fashion_mnist,entmax15,4,completed,6,8000,2000,patch,16,10,64,4,2,cuda,104970,27.699919199978467,0.6177217364311218,,0.71592777967453,37.87939453125,0.8,0.7989877510186985,0.5586209197839102,0.4425551999884192,0.7219335472299939,30.873232599988118
fashion_mnist,torchvision:fashion_mnist,entmax15,5,completed,6,8000,2000,patch,16,10,64,4,2,cuda,104970,23.740677499998128,0.4877403378486633,,0.8221129179000854,37.87939453125,0.8005,0.7912228087590372,0.575047390801566,0.5036881999985781,0.8223761135623568,25.9068341999955
fashion_mnist,torchvision:fashion_mnist,entmax15,6,completed,6,8000,2000,patch,16,10,64,4,2,cuda,104970,22.90062770000077,0.4660000205039978,,0.7525302767753601,37.87939453125,0.7835,0.7843749117255363,0.5959051464285169,0.4233202000032179,0.7427818973859152,24.72275370001444
fashion_mnist,torchvision:fashion_mnist,entmax15,7,completed,6,8000,2000,patch,16,10,64,4,2,cuda,104970,30.529923599999165,0.6199561953544617,,0.793582409620285,37.87939453125,0.793,0.788644242030956,0.5320856968561808,0.4844795000099111,0.7945087807519096,32.32664789998671
fashion_mnist,torchvision:fashion_mnist,entmax15,8,completed,6,8000,2000,patch,16,10,64,4,2,cuda,104970,22.02549739999813,0.5188426971435547,,0.7750270366668701,37.87939453125,0.8065,0.805787120477162,0.5657726313386645,0.4486292999936268,0.7764513790607452,23.796977899997728
fashion_mnist,torchvision:fashion_mnist,entmax15,9,completed,6,8000,2000,patch,16,10,64,4,2,cuda,104970,22.860223900002893,0.5851011872291565,,0.798248291015625,37.87939453125,0.785,0.7773093355617385,0.5901405527478173,0.42556100001093,0.7969577411810557,24.60215779999271
fashion_mnist,torchvision:fashion_mnist,headwise_adaptive_entmax,0,completed,6,8000,2000,patch,16,10,64,4,2,cuda,104978,26.09745629999088,0.3217304944992065,1.5064623951911926,0.7703341245651245,38.73388671875,0.8025,0.8052922728833432,0.55367444952329,0.4364389999827835,0.7681555960859571,27.913646800006973
fashion_mnist,torchvision:fashion_mnist,headwise_adaptive_entmax,1,completed,6,8000,2000,patch,16,10,64,4,2,cuda,104978,30.13427840001532,0.3172974288463592,1.5065760612487793,0.7941879332065582,38.73388671875,0.8035,0.7969629771806725,0.5988943874835968,0.4462836999737192,0.7985416991370065,32.07997560000513
fashion_mnist,torchvision:fashion_mnist,headwise_adaptive_entmax,2,completed,6,8000,2000,patch,16,10,64,4,2,cuda,104978,30.644409900007304,0.4788697063922882,1.5055682063102722,0.79217129945755,38.73388671875,0.799,0.7976412318502446,0.5676894344034649,0.4797839000239037,0.7925960549286434,32.521128199994564
fashion_mnist,torchvision:fashion_mnist,headwise_adaptive_entmax,3,completed,6,8000,2000,patch,16,10,64,4,2,cuda,104978,26.730216500000097,0.6561539769172668,1.5093029141426086,0.7883542478084564,38.73388671875,0.7955,0.7976258073550306,0.5467095417635781,0.4909857000166084,0.7836331129074097,28.603189100016607
fashion_mnist,torchvision:fashion_mnist,headwise_adaptive_entmax,4,completed,6,8000,2000,patch,16,10,64,4,2,cuda,104978,30.840076299995417,0.6139910817146301,1.5097917914390564,0.7147761881351471,38.73388671875,0.8,0.798838767389405,0.5585473988737378,0.5686047000053804,0.7205367173467364,32.89632400000119
fashion_mnist,torchvision:fashion_mnist,headwise_adaptive_entmax,5,completed,6,8000,2000,patch,16,10,64,4,2,cuda,104978,31.159868899994763,0.4874584078788757,1.510196566581726,0.8195988535881042,38.73388671875,0.794,0.7842712543473834,0.5809798269044786,0.4704565000138245,0.8201109241871607,33.02577730000485
fashion_mnist,torchvision:fashion_mnist,headwise_adaptive_entmax,6,completed,6,8000,2000,patch,16,10,64,4,2,cuda,104978,26.41702969998005,0.4533266127109527,1.5089707374572754,0.7527735829353333,38.73388671875,0.7855,0.7861561843894411,0.6018410410199847,0.4097018000029493,0.7441822389761606,28.13362240002607
fashion_mnist,torchvision:fashion_mnist,headwise_adaptive_entmax,7,completed,6,8000,2000,patch,16,10,64,4,2,cuda,104978,30.34869279997656,0.6282217502593994,1.506292998790741,0.7914143800735474,38.73388671875,0.7925,0.7879878661178864,0.5332500012147994,0.4718834000232164,0.7927408729280744,32.18860419999692
fashion_mnist,torchvision:fashion_mnist,headwise_adaptive_entmax,8,completed,6,8000,2000,patch,16,10,64,4,2,cuda,104978,23.9516808000044,0.5148770213127136,1.5088611841201782,0.7712911069393158,38.73388671875,0.808,0.8067570684654483,0.5728330044519334,0.4254508000158239,0.7724822277114505,25.761325700004814
fashion_mnist,torchvision:fashion_mnist,headwise_adaptive_entmax,9,completed,6,8000,2000,patch,16,10,64,4,2,cuda,104978,30.0654293000116,0.5796493291854858,1.505113959312439,0.80154088139534,38.73388671875,0.782,0.7739143345644388,0.5933827999092284,0.4684061000007204,0.8002162377039591,31.83940570001141
fashion_mnist,torchvision:fashion_mnist,softmax,0,completed,6,8000,2000,patch,16,10,64,4,2,cuda,104970,12.05144919999293,0.3853794038295746,,0.9997567236423492,34.54443359375,0.784,0.7876199935191849,0.6075037817160288,0.308469999989029,0.999787769147328,16.6919074000034
fashion_mnist,torchvision:fashion_mnist,softmax,1,completed,6,8000,2000,patch,16,10,64,4,2,cuda,104970,11.37038079998456,0.6080765724182129,,0.9999783933162688,34.54443359375,0.76,0.7516953171641144,0.648155886502493,0.1678595000121276,0.9999706078143348,14.641839300020363
fashion_mnist,torchvision:fashion_mnist,softmax,2,completed,6,8000,2000,patch,16,10,64,4,2,cuda,104970,7.216561699984595,0.4558361172676086,,0.9996539950370787,34.54443359375,0.7765,0.775367795089138,0.6254401561759767,0.1029152999981306,0.9996944836207798,9.489101999992272
fashion_mnist,torchvision:fashion_mnist,softmax,3,completed,6,8000,2000,patch,16,10,64,4,2,cuda,104970,6.517945100000361,0.601595401763916,,0.9998486340045928,34.54443359375,0.7785,0.7742328724482,0.5934048365978968,0.1121871000214014,0.9998204637141456,8.102525900001638
fashion_mnist,torchvision:fashion_mnist,softmax,4,completed,6,8000,2000,patch,16,10,64,4,2,cuda,104970,10.664627799997106,0.5073176622390747,,1.0,34.54443359375,0.7915,0.7858368041632953,0.5888415049938929,0.1996595000091474,0.9999943716185432,12.99371969999629
fashion_mnist,torchvision:fashion_mnist,softmax,5,completed,6,8000,2000,patch,16,10,64,4,2,cuda,104970,6.771370300004492,0.5432371497154236,,0.9990322291851044,34.54443359375,0.799,0.7906956962377942,0.5556218453816005,0.1047693000000435,0.9992398619651794,11.066136100009317
fashion_mnist,torchvision:fashion_mnist,softmax,6,completed,6,8000,2000,patch,16,10,64,4,2,cuda,104970,6.464341799990507,0.5406088829040527,,0.9998972713947296,34.54443359375,0.7715,0.7705528992986823,0.5933448076248169,0.1066827000176999,0.9999219008854456,7.969930400024168
fashion_mnist,torchvision:fashion_mnist,softmax,7,completed,6,8000,2000,patch,16,10,64,4,2,cuda,104970,6.598576999997022,0.6634232401847839,,0.999545842409134,34.54443359375,0.7725,0.7690032710560051,0.6196324981394268,0.1317664999805856,0.999588499466578,8.132753500016406
fashion_mnist,torchvision:fashion_mnist,softmax,8,completed,6,8000,2000,patch,16,10,64,4,2,cuda,104970,6.620066000003135,0.5191704034805298,,0.9998269975185394,34.54443359375,0.7915,0.7884733005420488,0.6114543619610014,0.1048467000073287,0.9997660148711432,8.249523200007388
fashion_mnist,torchvision:fashion_mnist,softmax,9,completed,6,8000,2000,patch,16,10,64,4,2,cuda,104970,6.488912799977697,0.545933187007904,,0.9997945427894592,34.54443359375,0.7795,0.7570840121819412,0.6178462675639561,0.1065416000201366,0.9998279753185454,8.047863200015854
fashion_mnist,torchvision:fashion_mnist,sparsemax,0,completed,6,8000,2000,patch,16,10,64,4,2,cuda,104970,10.745987500005867,0.301105260848999,,0.5046226382255554,38.18017578125,0.802,0.802818057911326,0.5688944388003576,0.1463338000176008,0.5098448842763901,12.581884900020668
fashion_mnist,torchvision:fashion_mnist,sparsemax,1,completed,6,8000,2000,patch,16,10,64,4,2,cuda,104970,8.166301699995529,0.3062606751918793,,0.5307039469480515,38.18017578125,0.7995,0.7972811696281671,0.5611985950242906,0.1378457999962847,0.534381893419084,9.740057599992724
fashion_mnist,torchvision:fashion_mnist,sparsemax,2,completed,6,8000,2000,patch,16,10,64,4,2,cuda,104970,11.678705900005298,0.4408786296844482,,0.4753406196832657,38.18017578125,0.8,0.8002696212127978,0.5627349799587613,0.1794327000097837,0.4757143358389537,13.338199899997562
fashion_mnist,torchvision:fashion_mnist,sparsemax,3,completed,6,8000,2000,patch,16,10,64,4,2,cuda,104970,9.529254299995957,0.5841967463493347,,0.460564449429512,38.18017578125,0.8105,0.81146428741338,0.5269939828486669,0.1523474999994505,0.4672788814419791,11.391274800000248
fashion_mnist,torchvision:fashion_mnist,sparsemax,4,completed,6,8000,2000,patch,16,10,64,4,2,cuda,104970,10.611246799991932,0.4651314318180084,,0.4930038899183273,38.18017578125,0.8085,0.8104954050260581,0.5424750206016359,0.1596428000193555,0.4993761217310315,12.804552099987632
fashion_mnist,torchvision:fashion_mnist,sparsemax,5,completed,6,8000,2000,patch,16,10,64,4,2,cuda,104970,9.141330499987816,0.367991030216217,,0.4863051623106003,38.18017578125,0.81,0.8024817087605127,0.5429807972340357,0.1471429000084754,0.4995342883325758,10.915233000006992
fashion_mnist,torchvision:fashion_mnist,sparsemax,6,completed,6,8000,2000,patch,16,10,64,4,2,cuda,104970,7.7414151999983005,0.4950925409793854,,0.4458207339048385,38.18017578125,0.792,0.7907185018172838,0.5518945072378431,0.1262469999783206,0.434066765719936,9.301361599995287
fashion_mnist,torchvision:fashion_mnist,sparsemax,7,completed,6,8000,2000,patch,16,10,64,4,2,cuda,104970,7.55202930001542,0.6427860856056213,,0.4771680384874344,38.18017578125,0.7925,0.7896276216852727,0.5377716762678963,0.1240527000045403,0.4806050558884938,8.997140000021318
fashion_mnist,torchvision:fashion_mnist,sparsemax,8,completed,6,8000,2000,patch,16,10,64,4,2,cuda,104970,11.537366399978056,0.5210224986076355,,0.4887705594301224,38.18017578125,0.808,0.810389007611319,0.5558300486632756,0.1754963000130374,0.4954446454842885,13.07181630001287
fashion_mnist,torchvision:fashion_mnist,sparsemax,9,completed,6,8000,2000,patch,16,10,64,4,2,cuda,104970,8.686794799985364,0.546586811542511,,0.5031628608703613,38.18017578125,0.8035,0.7972174939865403,0.5664283477124714,0.1315967999980785,0.5049939893540882,10.822006600006716
fashion_mnist,torchvision:fashion_mnist,topk_softmax_0125,0,completed,6,8000,2000,patch,16,10,64,4,2,cuda,104970,8.39984800000093,0.3101629316806793,,0.1764705926179886,34.84326171875,0.803,0.8078404523045368,0.5499021850881123,0.1281377999985125,0.1764705784264065,10.317074599995976
fashion_mnist,torchvision:fashion_mnist,topk_softmax_0125,1,completed,6,8000,2000,patch,16,10,64,4,2,cuda,104970,12.17754479998257,0.3976292312145233,,0.1764705926179886,34.84326171875,0.807,0.8045858530031463,0.5592966647375197,0.1627182999800425,0.1764705784264065,13.73647129998426
fashion_mnist,torchvision:fashion_mnist,topk_softmax_0125,2,completed,6,8000,2000,patch,16,10,64,4,2,cuda,104970,8.480164200009312,0.5086451172828674,,0.1764705926179886,34.84326171875,0.798,0.7962445383481352,0.5526389011314937,0.1346350999956485,0.1764705784264065,10.416390800004592
fashion_mnist,torchvision:fashion_mnist,topk_softmax_0125,3,completed,6,8000,2000,patch,16,10,64,4,2,cuda,104970,7.691068799991626,0.4651029407978058,,0.1764705926179886,34.84326171875,0.814,0.8142360771766249,0.4983901069277808,0.1738497000187635,0.1764705784264065,9.303893900010737
fashion_mnist,torchvision:fashion_mnist,topk_softmax_0125,4,completed,6,8000,2000,patch,16,10,64,4,2,cuda,104970,9.560424299997976,0.4990289509296417,,0.1764705926179886,34.84326171875,0.802,0.8010700627645916,0.5464109622296833,0.2291792999894824,0.1764705784264065,11.562915399990745
fashion_mnist,torchvision:fashion_mnist,topk_softmax_0125,5,completed,6,8000,2000,patch,16,10,64,4,2,cuda,104970,10.62110330001451,0.4075442552566528,,0.1764705926179886,34.84326171875,0.8055,0.8018257128078006,0.5297978250753312,0.2352004999993369,0.1764705784264065,12.333449099998688
fashion_mnist,torchvision:fashion_mnist,topk_softmax_0125,6,completed,6,8000,2000,patch,16,10,64,4,2,cuda,104970,10.061393800016958,0.3071029782295227,,0.1764705926179886,34.84326171875,0.8125,0.8116275306030294,0.5134464559100923,0.2024722000060137,0.1764705784264065,12.877994299982674
fashion_mnist,torchvision:fashion_mnist,topk_softmax_0125,7,completed,6,8000,2000,patch,16,10,64,4,2,cuda,104970,8.054731899988838,0.6387611627578735,,0.1764705926179886,34.84326171875,0.815,0.8138330448983021,0.5046606049651191,0.1296499999880325,0.1764705784264065,9.991737900010776
fashion_mnist,torchvision:fashion_mnist,topk_softmax_0125,8,completed,6,8000,2000,patch,16,10,64,4,2,cuda,104970,7.18369820000953,0.4657520055770874,,0.1764705926179886,34.84326171875,0.811,0.8147116781214567,0.5440856842767625,0.1121366000152193,0.1764705784264065,8.851942799985409
fashion_mnist,torchvision:fashion_mnist,topk_softmax_0125,9,completed,6,8000,2000,patch,16,10,64,4,2,cuda,104970,7.47881060000509,0.5730347037315369,,0.1764705926179886,34.84326171875,0.7965,0.7911381556137708,0.573459865081878,0.1254414999857545,0.1764705784264065,9.041540200007148
fashion_mnist,torchvision:fashion_mnist,topk_softmax_025,0,completed,6,8000,2000,patch,16,10,64,4,2,cuda,104970,8.971508099988569,0.3786419332027435,,0.294117659330368,35.04248046875,0.8105,0.8123982598384624,0.5461328795978001,0.1381591999961529,0.2941176309472039,11.202492800017351
fashion_mnist,torchvision:fashion_mnist,topk_softmax_025,1,completed,6,8000,2000,patch,16,10,64,4,2,cuda,104970,7.389483700011624,0.4349004328250885,,0.294117659330368,35.04248046875,0.8115,0.8098689447605973,0.5365889895529974,0.1238247000146657,0.2941176309472039,9.13768230000278
fashion_mnist,torchvision:fashion_mnist,topk_softmax_025,2,completed,6,8000,2000,patch,16,10,64,4,2,cuda,104970,8.093676799995592,0.4858779609203338,,0.294117659330368,35.04248046875,0.804,0.8032383812322367,0.5724888358797345,0.137729300011415,0.2941176309472039,10.236406200012423
fashion_mnist,torchvision:fashion_mnist,topk_softmax_025,3,completed,6,8000,2000,patch,16,10,64,4,2,cuda,104970,9.414437100000214,0.4766043424606323,,0.294117659330368,35.04248046875,0.816,0.8105696339639875,0.4997443897383554,0.1713756000099238,0.2941176309472039,11.176749000005657
fashion_mnist,torchvision:fashion_mnist,topk_softmax_025,4,completed,6,8000,2000,patch,16,10,64,4,2,cuda,104970,8.848868200002471,0.4979186952114105,,0.294117659330368,35.04248046875,0.796,0.7970886764177398,0.5667137532007127,0.1122041000053286,0.2941176309472039,10.616475399991032
fashion_mnist,torchvision:fashion_mnist,topk_softmax_025,5,completed,6,8000,2000,patch,16,10,64,4,2,cuda,104970,7.254178799979854,0.3340335190296173,,0.294117659330368,35.04248046875,0.807,0.8049974246897064,0.5404328845796131,0.1389351999969221,0.2941176309472039,8.832225899997866
fashion_mnist,torchvision:fashion_mnist,topk_softmax_025,6,completed,6,8000,2000,patch,16,10,64,4,2,cuda,104970,8.773688999994192,0.4118723571300506,,0.294117659330368,35.04248046875,0.802,0.8013507719909592,0.5303883878957658,0.1634804999921471,0.2941176309472039,10.4871293999895
fashion_mnist,torchvision:fashion_mnist,topk_softmax_025,7,completed,6,8000,2000,patch,16,10,64,4,2,cuda,104970,8.795825399982277,0.5767202973365784,,0.294117659330368,35.04248046875,0.7995,0.7990738146839307,0.5401984524159205,0.1404328999924473,0.2941176309472039,11.608103699982166
fashion_mnist,torchvision:fashion_mnist,topk_softmax_025,8,completed,6,8000,2000,patch,16,10,64,4,2,cuda,104970,6.200522700004512,0.4883643388748169,,0.294117659330368,35.04248046875,0.814,0.8135521773271647,0.5337697125616527,0.1154704999935347,0.2941176309472039,7.90281880000839
fashion_mnist,torchvision:fashion_mnist,topk_softmax_025,9,completed,6,8000,2000,patch,16,10,64,4,2,cuda,104970,9.699048500013305,0.5926462411880493,,0.294117659330368,35.04248046875,0.773,0.7574044385576384,0.6060353517532349,0.1640412000124342,0.2941176309472039,11.223478600004457
fashion_mnist,torchvision:fashion_mnist,topk_softmax_05,0,completed,6,8000,2000,patch,16,10,64,4,2,cuda,104970,7.530274800024927,0.410012811422348,,0.5294009745121002,35.44091796875,0.7935,0.7946530195521324,0.5868545543579828,0.1534963000158313,0.5294110065414792,9.186399500002151
fashion_mnist,torchvision:fashion_mnist,topk_softmax_05,1,completed,6,8000,2000,patch,16,10,64,4,2,cuda,104970,9.021286999981385,0.3342156410217285,,0.529411792755127,35.44091796875,0.802,0.8005822559144239,0.5380553078083765,0.1436104000022169,0.5294117359887986,11.187699800007977
fashion_mnist,torchvision:fashion_mnist,topk_softmax_05,2,completed,6,8000,2000,patch,16,10,64,4,2,cuda,104970,7.918979100009892,0.4696265459060669,,0.529411792755127,35.44091796875,0.782,0.7792871935909169,0.598259931518918,0.1403601000201888,0.5294117359887986,9.686603600013768
fashion_mnist,torchvision:fashion_mnist,topk_softmax_05,3,completed,6,8000,2000,patch,16,10,64,4,2,cuda,104970,7.642438699986087,0.5380682349205017,,0.529411792755127,35.44091796875,0.8025,0.801452455842574,0.539394131728581,0.2388078999938443,0.5294117359887986,9.350652199995238
fashion_mnist,torchvision:fashion_mnist,topk_softmax_05,4,completed,6,8000,2000,patch,16,10,64,4,2,cuda,104970,8.77741030001198,0.4776822924613952,,0.529411792755127,35.44091796875,0.8035,0.8035589812876734,0.5364215359801338,0.1550468000059481,0.5294117359887986,11.083011899987468
fashion_mnist,torchvision:fashion_mnist,topk_softmax_05,5,completed,6,8000,2000,patch,16,10,64,4,2,cuda,104970,6.961922100017546,0.36045041680336,,0.5294063687324524,35.44091796875,0.7995,0.7965674607221399,0.5507080143406278,0.1201026999915484,0.5294082633086613,8.583298599987756
fashion_mnist,torchvision:fashion_mnist,topk_softmax_05,6,completed,6,8000,2000,patch,16,10,64,4,2,cuda,104970,6.266259999974864,0.3388810753822326,,0.529411792755127,35.44091796875,0.793,0.7948942855398373,0.5700290032795498,0.1165641999978106,0.5294117359887986,7.794365600013407
fashion_mnist,torchvision:fashion_mnist,topk_softmax_05,7,completed,6,8000,2000,patch,16,10,64,4,2,cuda,104970,6.4464771000202745,0.765667736530304,,0.529411792755127,35.44091796875,0.796,0.7978527877921016,0.5617010877245948,0.1127536999993026,0.5294117359887986,7.859625899989624
fashion_mnist,torchvision:fashion_mnist,topk_softmax_05,8,completed,6,8000,2000,patch,16,10,64,4,2,cuda,104970,6.853856600006111,0.440054714679718,,0.529411792755127,35.44091796875,0.7955,0.7930623657259791,0.5745162807759785,0.1122745999891776,0.5294117359887986,8.303323400003137
fashion_mnist,torchvision:fashion_mnist,topk_softmax_05,9,completed,6,8000,2000,patch,16,10,64,4,2,cuda,104970,6.972264100011671,0.485491007566452,,0.529411792755127,35.44091796875,0.781,0.7596314939293969,0.6257100573607853,0.1349191000044811,0.5294108788172404,8.429153600009158
synthetic_marker,synthetic:marker_following_token,entmax15,0,completed,6,8000,2000,token,96,10,64,4,2,cuda,1386890,77.06563619998633,1.620516657829285,,0.2564722076058388,273.27001953125,0.101,0.0945858314645394,3.163576727821713,2.090293599991128,0.2576836471756299,79.21729790000245
synthetic_marker,synthetic:marker_following_token,entmax15,1,completed,6,8000,2000,token,96,10,64,4,2,cuda,1386890,74.51423709999654,1.4876329898834229,,0.2621457949280739,273.27001953125,0.0995,0.0944169190694756,3.1387644722348167,2.0626464000088163,0.2620918527245521,76.65096530001028
synthetic_marker,synthetic:marker_following_token,entmax15,2,completed,6,8000,2000,token,96,10,64,4,2,cuda,1386890,73.97283300000709,1.818941831588745,,0.2552169188857078,273.27001953125,0.104,0.1025420124295372,2.9908891178312755,2.078812799998559,0.2546580643171355,76.08361159998458
synthetic_marker,synthetic:marker_following_token,entmax15,3,completed,6,8000,2000,token,96,10,64,4,2,cuda,1386890,78.60493090000818,1.915166258811951,,0.2513203769922256,273.27001953125,0.097,0.0943021656677677,3.081968579973493,2.100215599988587,0.2512113753528822,80.74023739999393
synthetic_marker,synthetic:marker_following_token,entmax15,4,completed,6,8000,2000,token,96,10,64,4,2,cuda,1386890,78.5735563999915,1.616370439529419,,0.2466049790382385,273.27001953125,0.099,0.0976982839507051,3.1556717668260847,2.100109099992551,0.2484689926107724,80.74317770000198
synthetic_marker,synthetic:marker_following_token,entmax15,5,completed,6,8000,2000,token,96,10,64,4,2,cuda,1386890,80.15246660000412,1.5433043241500854,,0.2701263427734375,273.27001953125,0.1005,0.0973410833364743,3.0456695443107966,2.099214200017741,0.269353490500223,82.29478180001024
synthetic_marker,synthetic:marker_following_token,entmax15,6,completed,6,8000,2000,token,96,10,64,4,2,cuda,1386890,74.97259370001848,1.4048033952713013,,0.2666775211691856,273.27001953125,0.1035,0.1022394199037184,3.1204232147761752,2.072681199992076,0.2672611939765158,77.11174550000578
synthetic_marker,synthetic:marker_following_token,entmax15,7,completed,6,8000,2000,token,96,10,64,4,2,cuda,1386890,74.17024350000429,1.641156792640686,,0.2618898898363113,273.27001953125,0.098,0.0969963288603668,3.0358589603787376,2.0643401999841444,0.2618005286370005,76.27333249998628
synthetic_marker,synthetic:marker_following_token,entmax15,8,completed,6,8000,2000,token,96,10,64,4,2,cuda,1386890,84.93675470000017,1.6023685932159424,,0.2700715512037277,273.27001953125,0.102,0.1005398569732122,3.052034446171352,2.1443467999924906,0.2702174910477229,87.11708079997334
synthetic_marker,synthetic:marker_following_token,entmax15,9,completed,6,8000,2000,token,96,10,64,4,2,cuda,1386890,78.9593008000229,1.4522628784179688,,0.2686789184808731,273.27001953125,0.104,0.0999230042067306,3.055063077381679,2.14400860000751,0.2699175420261565,81.19466630002717
synthetic_marker,synthetic:marker_following_token,headwise_adaptive_entmax,0,completed,6,8000,2000,token,96,10,64,4,2,cuda,1386898,84.07277850000537,1.6507055759429932,1.520189881324768,0.2331172376871109,298.62451171875,0.105,0.0991868772790986,3.150344825926281,2.239433800015832,0.2335377314261027,86.38011820000247
synthetic_marker,synthetic:marker_following_token,headwise_adaptive_entmax,1,completed,6,8000,2000,token,96,10,64,4,2,cuda,1386898,83.08010469999863,1.5717647075653076,1.5217769145965576,0.2380764186382293,298.62451171875,0.088,0.0797273694663866,3.124582812899635,2.208224300004076,0.237883971560569,85.3451623999863
synthetic_marker,synthetic:marker_following_token,headwise_adaptive_entmax,2,completed,6,8000,2000,token,96,10,64,4,2,cuda,1386898,82.14067929997691,1.806852102279663,1.5164791345596311,0.2361133620142936,298.62451171875,0.0975,0.0958903106212715,3.014206216448829,2.2158850000123493,0.2355382974658693,84.38720090000425
synthetic_marker,synthetic:marker_following_token,headwise_adaptive_entmax,3,completed,6,8000,2000,token,96,10,64,4,2,cuda,1386898,82.65467879999778,1.9330343008041384,1.5231021046638489,0.2281040772795677,298.62451171875,0.095,0.0916787466108116,3.061731088729132,2.2645769999944605,0.2276824095419475,84.95461600000272
synthetic_marker,synthetic:marker_following_token,headwise_adaptive_entmax,4,completed,6,8000,2000,token,96,10,64,4,2,cuda,1386898,86.42167910002172,1.6912609338760376,1.519172430038452,0.2275887802243232,298.62451171875,0.0915,0.0905321403033571,3.139206534340268,2.269396899995627,0.2288731847490583,88.75542750000022
synthetic_marker,synthetic:marker_following_token,headwise_adaptive_entmax,5,completed,6,8000,2000,token,96,10,64,4,2,cuda,1386898,87.26212940001278,1.6366212368011477,1.5172086358070374,0.2501639127731323,298.62451171875,0.1105,0.1075400112430474,3.042907919202532,2.209800200012978,0.2497000900052842,89.56644590001088
synthetic_marker,synthetic:marker_following_token,headwise_adaptive_entmax,6,completed,6,8000,2000,token,96,10,64,4,2,cuda,1386898,82.48812759999419,1.48755145072937,1.5249746441841123,0.2388142421841621,298.62451171875,0.105,0.1020327548156849,3.1025575456165133,2.2463234000024386,0.2393406246389661,84.76720580001711
synthetic_marker,synthetic:marker_following_token,headwise_adaptive_entmax,7,completed,6,8000,2000,token,96,10,64,4,2,cuda,1386898,82.34459960000822,1.5698792934417725,1.5200103521347046,0.2379238009452819,298.62451171875,0.101,0.1001041287708894,3.059457052321661,2.220424800005276,0.2378227334646951,84.61532189999707
synthetic_marker,synthetic:marker_following_token,headwise_adaptive_entmax,8,completed,6,8000,2000,token,96,10,64,4,2,cuda,1386898,83.64476039999863,1.6760152578353882,1.5171916484832764,0.2483292296528816,298.62451171875,0.103,0.0993169840422502,3.032691149484544,2.329590500012273,0.2481054390470186,86.02160859998548
synthetic_marker,synthetic:marker_following_token,headwise_adaptive_entmax,9,completed,6,8000,2000,token,96,10,64,4,2,cuda,1386898,84.93185100000119,1.4282691478729248,1.5177145600318909,0.2453179806470871,298.62451171875,0.106,0.1035900151993385,3.094396193822225,2.201611700002104,0.2468587784540085,87.20951650000643
synthetic_marker,synthetic:marker_following_token,softmax,0,completed,6,8000,2000,token,96,10,64,4,2,cuda,1386890,26.43849020000198,1.9050958156585691,,0.9994327425956726,154.91943359375,0.0995,0.0973840287859045,2.806065638860067,0.4170159000204876,0.999346667811984,26.998559600004228
synthetic_marker,synthetic:marker_following_token,softmax,1,completed,6,8000,2000,token,96,10,64,4,2,cuda,1386890,31.37296599999536,1.9034968614578247,,0.9998925626277924,154.91943359375,0.104,0.1005116905593985,2.755830583118257,0.6074724000063725,0.9998970074313028,32.083259999984875
synthetic_marker,synthetic:marker_following_token,softmax,2,completed,6,8000,2000,token,96,10,64,4,2,cuda,1386890,28.865196800004924,1.9074050188064573,,0.9998718202114104,154.91943359375,0.0885,0.086363445302861,2.799145846139817,0.3851406999747269,0.9998736409913926,29.405532600008883
synthetic_marker,synthetic:marker_following_token,softmax,3,completed,6,8000,2000,token,96,10,64,4,2,cuda,1386890,24.87011399999028,1.9168778657913208,,0.9995332062244416,154.91943359375,0.0895,0.081629580287198,2.6956799143836614,0.4562707000004593,0.9995844960212708,25.43722659998457
synthetic_marker,synthetic:marker_following_token,softmax,4,completed,6,8000,2000,token,96,10,64,4,2,cuda,1386890,25.2112917000195,1.8350694179534912,,0.9996695518493652,154.91943359375,0.1015,0.0972339715424318,2.7824196815490723,0.3379499999864492,0.9996402916454132,25.66330799998832
synthetic_marker,synthetic:marker_following_token,softmax,5,completed,6,8000,2000,token,96,10,64,4,2,cuda,1386890,21.330075199977728,2.000473499298096,,0.999578207731247,154.91943359375,0.109,0.108420831137691,2.7006308010646274,0.321754200005671,0.9995892289138976,21.6917650999967
synthetic_marker,synthetic:marker_following_token,softmax,6,completed,6,8000,2000,token,96,10,64,4,2,cuda,1386890,21.129097700002603,1.8066574335098269,,0.9996494352817537,154.91943359375,0.101,0.0983604108616121,2.7627141816275462,0.3242506000096909,0.9996394344738552,21.48369130000356
synthetic_marker,synthetic:marker_following_token,softmax,7,completed,6,8000,2000,token,96,10,64,4,2,cuda,1386890,21.155848499998683,1.899286150932312,,0.9996967911720276,154.91943359375,0.1035,0.1010699892290857,2.724016303107852,0.3240857000055257,0.9996904688222068,21.511975700006587
synthetic_marker,synthetic:marker_following_token,softmax,8,completed,6,8000,2000,token,96,10,64,4,2,cuda,1386890,21.140606200002367,1.7625528573989868,,0.9998668134212494,154.91943359375,0.098,0.0959041299365241,2.77645298412868,0.3267803000053391,0.9998705756096612,21.500099199998655
synthetic_marker,synthetic:marker_following_token,softmax,9,completed,6,8000,2000,token,96,10,64,4,2,cuda,1386890,21.19402950000949,1.909083724021912,,0.9998439252376556,154.91943359375,0.111,0.1074931208600786,2.727889367512294,0.3283688999945298,0.9998103110563188,21.554665000003297
synthetic_marker,synthetic:marker_following_token,sparsemax,0,completed,6,8000,2000,token,96,10,64,4,2,cuda,1386890,37.54850849998184,1.7024738788604736,,0.0613453574478626,287.54443359375,0.098,0.0952280416811533,3.099689460936047,0.8921179999888409,0.0614278672174328,38.50406119998661
synthetic_marker,synthetic:marker_following_token,sparsemax,1,completed,6,8000,2000,token,96,10,64,4,2,cuda,1386890,40.06746960000601,1.6697263717651367,,0.0601161457598209,287.54443359375,0.0915,0.0903575382414983,3.0873967920030867,0.8961115999845788,0.0601498406557809,41.034302199987
synthetic_marker,synthetic:marker_following_token,sparsemax,2,completed,6,8000,2000,token,96,10,64,4,2,cuda,1386890,40.25865789997624,1.512927532196045,,0.0605658497661352,287.54443359375,0.0965,0.0965056776922232,3.03073745682126,0.8881919999839738,0.0606818307368528,41.215755199984415
synthetic_marker,synthetic:marker_following_token,sparsemax,3,completed,6,8000,2000,token,96,10,64,4,2,cuda,1386890,40.07578549999744,1.8019225597381592,,0.0623918920755386,287.54443359375,0.084,0.0800336168212892,3.0858008975074407,0.8884078999981284,0.0623912805070479,41.03061610000441
synthetic_marker,synthetic:marker_following_token,sparsemax,4,completed,6,8000,2000,token,96,10,64,4,2,cuda,1386890,40.71856139999,1.6539883613586426,,0.0615979377180337,287.54443359375,0.108,0.1073029661036383,3.000676597867693,0.8888732999912463,0.0616653671576863,41.680612900003325
synthetic_marker,synthetic:marker_following_token,sparsemax,5,completed,6,8000,2000,token,96,10,64,4,2,cuda,1386890,38.83414200000698,1.349798321723938,,0.0618784222751855,287.54443359375,0.108,0.1040769288422039,3.1921403975713822,0.8515406000078656,0.0618469952827408,39.72667919998639
synthetic_marker,synthetic:marker_following_token,sparsemax,6,completed,6,8000,2000,token,96,10,64,4,2,cuda,1386890,39.1527677999984,1.90372896194458,,0.0607367288321256,287.54443359375,0.102,0.0982694031806709,3.069644405728295,0.856344400002854,0.0607039977219842,40.04157130001113
synthetic_marker,synthetic:marker_following_token,sparsemax,7,completed,6,8000,2000,token,96,10,64,4,2,cuda,1386890,39.13703079998959,1.8061248064041135,,0.0616436079144477,287.54443359375,0.1,0.0984278765139747,2.9701361769721624,0.8554541999765206,0.0617288736892598,40.024661500006914
synthetic_marker,synthetic:marker_following_token,sparsemax,8,completed,6,8000,2000,token,96,10,64,4,2,cuda,1386890,38.88602970002103,1.6471072435379028,,0.061294874176383,287.54443359375,0.1025,0.1007177461061911,3.0062113262358165,0.8559210000094026,0.0610598449018739,39.77445389999775
synthetic_marker,synthetic:marker_following_token,sparsemax,9,completed,6,8000,2000,token,96,10,64,4,2,cuda,1386890,40.33474039999419,1.7709375619888306,,0.0623271279036998,287.54443359375,0.1125,0.1110727532593565,2.99435780161903,0.8581508000206668,0.0624350963958672,41.23056429999997
synthetic_marker,synthetic:marker_following_token,topk_softmax_0125,0,completed,6,8000,2000,token,96,10,64,4,2,cuda,1386890,29.69685429998208,1.8028603792190552,,0.1340206265449524,168.98095703125,0.0955,0.089360096144286,2.729026953379313,0.6937428000092041,0.1340206265449524,30.4622701999906
synthetic_marker,synthetic:marker_following_token,topk_softmax_0125,1,completed,6,8000,2000,token,96,10,64,4,2,cuda,1386890,29.401247200003127,1.7365063428878784,,0.1340206265449524,168.98095703125,0.0945,0.0838246923504511,2.7864301658812023,0.7624561999982689,0.1340206265449524,30.245759799989173
synthetic_marker,synthetic:marker_following_token,topk_softmax_0125,2,completed,6,8000,2000,token,96,10,64,4,2,cuda,1386890,29.932906400004867,2.0236942768096924,,0.1340206265449524,168.98095703125,0.101,0.0994655076375227,2.6438006446475075,0.7562851999828126,0.1340206265449524,30.832892899983563
synthetic_marker,synthetic:marker_following_token,topk_softmax_0125,3,completed,6,8000,2000,token,96,10,64,4,2,cuda,1386890,31.23097410000628,2.1431896686553955,,0.1340206265449524,168.98095703125,0.102,0.1017077895572388,2.65408156031654,0.7673877000052016,0.1340206265449524,32.07813140001963
synthetic_marker,synthetic:marker_following_token,topk_softmax_0125,4,completed,6,8000,2000,token,96,10,64,4,2,cuda,1386890,31.563632999983383,1.8749542236328125,,0.1340206265449524,168.98095703125,0.1,0.0975179363440011,2.720295372463408,0.9129070999915712,0.1340206265449524,32.59469480000553
synthetic_marker,synthetic:marker_following_token,topk_softmax_0125,5,completed,6,8000,2000,token,96,10,64,4,2,cuda,1386890,32.425641800015,1.8981574773788448,,0.1340206265449524,168.98095703125,0.0985,0.0950892371615778,2.754918541227068,0.8321127999806777,0.1340206265449524,33.292924699984724
synthetic_marker,synthetic:marker_following_token,topk_softmax_0125,6,completed,6,8000,2000,token,96,10,64,4,2,cuda,1386890,32.14057519999915,1.9985237121582031,,0.1340206265449524,168.98095703125,0.085,0.0851809974127063,2.766403936204456,0.7919201999902725,0.1340206265449524,33.01038960000733
synthetic_marker,synthetic:marker_following_token,topk_softmax_0125,7,completed,6,8000,2000,token,96,10,64,4,2,cuda,1386890,32.27204569999594,1.9193791151046755,,0.1340206265449524,168.98095703125,0.102,0.1002017263239425,2.732791480563936,0.7680707999970764,0.1340206265449524,33.089400099997874
synthetic_marker,synthetic:marker_following_token,topk_softmax_0125,8,completed,6,8000,2000,token,96,10,64,4,2,cuda,1386890,32.08390950001194,1.7261393070220947,,0.1340206265449524,168.98095703125,0.0965,0.090408339887167,2.6798038596198674,0.7693664999969769,0.1340206265449524,32.892564599984325
synthetic_marker,synthetic:marker_following_token,topk_softmax_0125,9,completed,6,8000,2000,token,96,10,64,4,2,cuda,1386890,32.35236710001482,1.7868187427520752,,0.1340206265449524,168.98095703125,0.0975,0.0953794232723947,2.701215108235677,0.7779127999965567,0.1340206265449524,33.16254439999466
synthetic_marker,synthetic:marker_following_token,topk_softmax_025,0,completed,6,8000,2000,token,96,10,64,4,2,cuda,1386890,30.52058850001777,1.6316663026809692,,0.2577319741249084,177.9677734375,0.0965,0.0918887571980378,2.757680404753912,0.6909680999815464,0.2577319741249084,31.391217799973678
synthetic_marker,synthetic:marker_following_token,topk_softmax_025,1,completed,6,8000,2000,token,96,10,64,4,2,cuda,1386890,29.349299099994823,1.8972049951553345,,0.2577319741249084,177.9677734375,0.0995,0.0924252643317627,2.762261731284005,0.6764550000079907,0.2577319741249084,30.095480000018146
synthetic_marker,synthetic:marker_following_token,topk_softmax_025,2,completed,6,8000,2000,token,96,10,64,4,2,cuda,1386890,30.625529300014023,2.1353180408477783,,0.2577319741249084,177.9677734375,0.101,0.09899149870479,2.671067158381144,0.696189600013895,0.2577317747331801,31.394810900004813
synthetic_marker,synthetic:marker_following_token,topk_softmax_025,3,completed,6,8000,2000,token,96,10,64,4,2,cuda,1386890,29.7684847000055,2.101532220840454,,0.2577319741249084,177.9677734375,0.1045,0.0977293207129456,2.6723426977793374,0.696500299993204,0.2577319741249084,30.534872199990787
synthetic_marker,synthetic:marker_following_token,topk_softmax_025,4,completed,6,8000,2000,token,96,10,64,4,2,cuda,1386890,32.50218420001329,1.727690577507019,,0.2577319741249084,177.9677734375,0.099,0.096735744488585,2.7243297894795737,0.7506362999847624,0.2577319272926875,33.32075009998516
synthetic_marker,synthetic:marker_following_token,topk_softmax_025,5,completed,6,8000,2000,token,96,10,64,4,2,cuda,1386890,33.29359079999267,1.6945968866348269,,0.2577319741249084,177.9677734375,0.0965,0.0936930000842901,2.7032535643804643,0.7927066000120249,0.2577319741249084,34.118057100014994
synthetic_marker,synthetic:marker_following_token,topk_softmax_025,6,completed,6,8000,2000,token,96,10,64,4,2,cuda,1386890,32.68536229999154,1.9415141344070437,,0.2577319741249084,177.9677734375,0.1045,0.1025435216486736,2.699581679843721,0.7869173000217415,0.2577319741249084,33.5069480999955
synthetic_marker,synthetic:marker_following_token,topk_softmax_025,7,completed,6,8000,2000,token,96,10,64,4,2,cuda,1386890,33.00850090000313,1.82109534740448,,0.2577319741249084,177.9677734375,0.1045,0.0998034331314954,2.729895614442371,0.7883343000139575,0.2577319741249084,33.8356453999877
synthetic_marker,synthetic:marker_following_token,topk_softmax_025,8,completed,6,8000,2000,token,96,10,64,4,2,cuda,1386890,33.159217699983856,2.1332836151123047,,0.2577319741249084,177.9677734375,0.1045,0.0974169813738901,2.7085826851072765,0.7994376999849919,0.2577318818796248,33.991084700013744
synthetic_marker,synthetic:marker_following_token,topk_softmax_025,9,completed,6,8000,2000,token,96,10,64,4,2,cuda,1386890,38.71065660001477,1.9366124868392944,,0.2577319741249084,177.9677734375,0.0945,0.0917433221735457,2.6942274683997747,0.953958900005091,0.2577319741249084,39.71511740001733
synthetic_marker,synthetic:marker_following_token,topk_softmax_05,0,completed,6,8000,2000,token,96,10,64,4,2,cuda,1386890,33.900705200008815,1.943302035331726,,0.5051490068435669,195.09375,0.1,0.0955668893670041,2.747153645470029,0.8851648999843746,0.5051517969086057,34.872037999972235
synthetic_marker,synthetic:marker_following_token,topk_softmax_05,1,completed,6,8000,2000,token,96,10,64,4,2,cuda,1386890,33.878123900009086,1.6919889450073242,,0.5051538348197937,195.09375,0.095,0.0873378371301875,2.739471219834827,0.8693617999961134,0.5051540590467907,34.81533360001049
synthetic_marker,synthetic:marker_following_token,topk_softmax_05,2,completed,6,8000,2000,token,96,10,64,4,2,cuda,1386890,34.409035999997286,1.9928734302520752,,0.5051546692848206,195.09375,0.096,0.0930831953140171,2.7472457318078902,0.8638427000259981,0.5051506346180326,35.33561860001646
synthetic_marker,synthetic:marker_following_token,topk_softmax_05,3,completed,6,8000,2000,token,96,10,64,4,2,cuda,1386890,36.34388189998572,1.957380771636963,,0.5051533281803131,195.09375,0.101,0.0948567867650911,2.686534189042591,0.969925700017484,0.5051526015713101,37.38382920000004
synthetic_marker,synthetic:marker_following_token,topk_softmax_05,4,completed,6,8000,2000,token,96,10,64,4,2,cuda,1386890,33.8439473999897,1.8363821506500244,,0.5051383972167969,195.09375,0.1005,0.0969233981356124,2.733749718893142,0.8540335000143386,0.5051362840902238,34.78754540000227
synthetic_marker,synthetic:marker_following_token,topk_softmax_05,5,completed,6,8000,2000,token,96,10,64,4,2,cuda,1386890,41.02069969999138,1.8789793252944944,,0.5051523447036743,195.09375,0.1055,0.1035303507796622,2.671836569195702,1.028933199995663,0.5051512306644803,42.16444949997822
synthetic_marker,synthetic:marker_following_token,topk_softmax_05,6,completed,6,8000,2000,token,96,10,64,4,2,cuda,1386890,39.53592779999599,1.887718677520752,,0.5051546692848206,195.09375,0.113,0.106897532287329,2.722992386136736,1.0373628000088502,0.5051542492139907,40.62990400000126
synthetic_marker,synthetic:marker_following_token,topk_softmax_05,7,completed,6,8000,2000,token,96,10,64,4,2,cuda,1386890,40.57691329999943,1.783619046211243,,0.5051539838314056,195.09375,0.113,0.1074033194511038,2.7016847474234447,1.037736500002211,0.505152321997143,41.67359830002533
synthetic_marker,synthetic:marker_following_token,topk_softmax_05,8,completed,6,8000,2000,token,96,10,64,4,2,cuda,1386890,40.59432350000134,1.7544689178466797,,0.5051546692848206,195.09375,0.098,0.0918910471737111,2.747629687899635,1.0291188000119291,0.5051545557521638,41.68322780000744
synthetic_marker,synthetic:marker_following_token,topk_softmax_05,9,completed,6,8000,2000,token,96,10,64,4,2,cuda,1386890,39.15759419999085,1.818743705749512,,0.5051483511924744,195.09375,0.1035,0.100181876427321,2.7085733867826915,1.0157733999949414,0.5051499321347191,40.22789810001268
twenty_news,sklearn:20newsgroups,entmax15,0,completed,6,4000,1500,token,96,20,64,4,2,cuda,1387540,33.950756699981866,1.4165325164794922,,0.4174294620752334,273.27734375,0.3553333333333333,0.3380758729144635,2.266124829649925,1.3267760000017006,0.41789022507146,47.50344939998468
twenty_news,sklearn:20newsgroups,entmax15,1,completed,6,4000,1500,token,96,20,64,4,2,cuda,1387540,31.862622300017392,1.3701297044754028,,0.394459880888462,273.27734375,0.3433333333333333,0.3220458874761647,2.265880219638348,1.3822222000162585,0.4039633763022721,38.82251199998427
twenty_news,sklearn:20newsgroups,entmax15,2,completed,6,4000,1500,token,96,20,64,4,2,cuda,1387540,56.65323860000353,1.2179551124572754,,0.4271929413080215,273.27734375,0.3626666666666667,0.34287578764507,2.2427659034729004,1.8944093999743927,0.4108740296214819,65.1120033999905
twenty_news,sklearn:20newsgroups,entmax15,3,completed,6,4000,1500,token,96,20,64,4,2,cuda,1387540,45.94625310000265,1.318674087524414,,0.4530137330293655,273.27734375,0.3506666666666667,0.3356543282764769,2.25839052349329,1.4255854999937585,0.4226428680121898,60.90938719999394
twenty_news,sklearn:20newsgroups,entmax15,4,completed,6,4000,1500,token,96,20,64,4,2,cuda,1387540,40.2144346999994,1.6784740686416626,,0.4031829088926315,273.27734375,0.3306666666666666,0.3053917080187281,2.2982033118605614,1.2808595999958925,0.4123608283698559,53.59204640000826
twenty_news,sklearn:20newsgroups,entmax15,5,completed,6,4000,1500,token,96,20,64,4,2,cuda,1387540,36.87879560000147,1.1906635761260986,,0.4208351075649261,273.27734375,0.362,0.342088692170114,2.177120104432106,1.5571742999891285,0.4198463065549731,44.04704199999105
twenty_news,sklearn:20newsgroups,entmax15,6,completed,6,4000,1500,token,96,20,64,4,2,cuda,1387540,37.06704339999124,1.295953392982483,,0.4133684188127517,273.27734375,0.3433333333333333,0.3284137521767751,2.2508323043584824,1.5501756000157911,0.4160107709467411,44.52806650000275
twenty_news,sklearn:20newsgroups,entmax15,7,completed,6,4000,1500,token,96,20,64,4,2,cuda,1387540,36.7583565999812,1.2827816009521484,,0.4229109138250351,273.27734375,0.338,0.3278247815562741,2.268568962812424,1.5480537999828812,0.4351962422952056,42.35530140000628
twenty_news,sklearn:20newsgroups,entmax15,8,completed,6,4000,1500,token,96,20,64,4,2,cuda,1387540,36.97301610000432,1.419867992401123,,0.4163781553506851,273.27734375,0.3533333333333333,0.3352932009881278,2.182760216295719,1.555073600000469,0.4325528563931584,44.03116419998696
twenty_news,sklearn:20newsgroups,entmax15,9,completed,6,4000,1500,token,96,20,64,4,2,cuda,1387540,36.81369329997688,1.180741310119629,,0.4309570789337158,273.27734375,0.3466666666666667,0.3386667134840826,2.230703704059124,1.5510438999917824,0.427894240245223,43.18365720001748
twenty_news,sklearn:20newsgroups,headwise_adaptive_entmax,0,completed,6,4000,1500,token,96,20,64,4,2,cuda,1387548,43.10691569998744,1.4201459884643557,1.5165969729423523,0.3979926258325577,298.63427734375,0.36,0.3433681062170008,2.2687784284353256,1.4594010000000708,0.3980765989981591,57.828819700022
twenty_news,sklearn:20newsgroups,headwise_adaptive_entmax,1,completed,6,4000,1500,token,96,20,64,4,2,cuda,1387548,41.9071557999996,1.359915852546692,1.5159244537353516,0.3758546784520149,298.63427734375,0.3353333333333333,0.3152873551756913,2.2612001076340675,5.481007499998668,0.38587616244331,60.28439630000503
twenty_news,sklearn:20newsgroups,headwise_adaptive_entmax,2,completed,6,4000,1500,token,96,20,64,4,2,cuda,1387548,56.54321330002858,1.2193595170974731,1.5158162713050842,0.4110510572791099,298.63427734375,0.3593333333333333,0.3416717005753638,2.249795719981193,1.7223776999744589,0.393506336491555,80.36609520000638
twenty_news,sklearn:20newsgroups,headwise_adaptive_entmax,3,completed,6,4000,1500,token,96,20,64,4,2,cuda,1387548,49.70267359999707,1.3465890884399414,1.5160921216011047,0.4357377365231514,298.63427734375,0.346,0.3315075857895485,2.264052532613277,1.5698596999864094,0.4038046128116548,66.33257749999757
twenty_news,sklearn:20newsgroups,headwise_adaptive_entmax,4,completed,6,4000,1500,token,96,20,64,4,2,cuda,1387548,54.51968629998737,1.6805943250656128,1.5150191187858582,0.3849435001611709,298.63427734375,0.3366666666666666,0.3110978995433575,2.299523569643497,1.461485600011656,0.394498452078551,68.63746530000935
twenty_news,sklearn:20newsgroups,headwise_adaptive_entmax,5,completed,6,4000,1500,token,96,20,64,4,2,cuda,1387548,41.03699549997691,1.1870479583740234,1.5149964690208435,0.4017873033881187,298.63427734375,0.37,0.349663894263171,2.1774396523833275,1.6691152999992482,0.4003129578195512,46.20697600001586
twenty_news,sklearn:20newsgroups,headwise_adaptive_entmax,6,completed,6,4000,1500,token,96,20,64,4,2,cuda,1387548,41.07263549999334,1.301687717437744,1.5145293474197388,0.3931951373815536,298.63427734375,0.3433333333333333,0.3289380858524037,2.2547473683953285,1.664812000002712,0.3969140122644603,46.5645737000159
twenty_news,sklearn:20newsgroups,headwise_adaptive_entmax,7,completed,6,4000,1500,token,96,20,64,4,2,cuda,1387548,41.09846079998533,1.2655582427978516,1.5177459716796875,0.4012641012668609,298.63427734375,0.3406666666666667,0.3313801971146053,2.2748015224933624,1.67163409999921,0.4138378230854869,46.35846859999583
twenty_news,sklearn:20newsgroups,headwise_adaptive_entmax,8,completed,6,4000,1500,token,96,20,64,4,2,cuda,1387548,41.14629669999704,1.429080605506897,1.5137466788291931,0.398421049118042,298.63427734375,0.3626666666666667,0.3446959662818191,2.1835009306669235,1.7474072999903,0.4151993682608008,46.54564129997743
twenty_news,sklearn:20newsgroups,headwise_adaptive_entmax,9,completed,6,4000,1500,token,96,20,64,4,2,cuda,1387548,41.14400410000235,1.1774474382400513,1.5156930685043335,0.4098420888185501,298.63427734375,0.346,0.3365470671792091,2.222870133817196,1.6827324999903794,0.4070689789950847,49.87503819999984
twenty_news,sklearn:20newsgroups,softmax,0,completed,6,4000,1500,token,96,20,64,4,2,cuda,1387540,8.831841999985045,1.816027402877808,,0.9968339502811432,154.3525390625,0.3193333333333333,0.3040896792536256,2.2596388682723045,0.2046239000046625,0.9959192276000975,14.851137999998173
twenty_news,sklearn:20newsgroups,softmax,1,completed,6,4000,1500,token,96,20,64,4,2,cuda,1387540,8.847590599994874,1.7552279233932495,,0.9966904819011688,154.3525390625,0.306,0.2807984740009454,2.36103692650795,0.2066447999968659,0.9962920397520064,13.614243699994404
twenty_news,sklearn:20newsgroups,softmax,2,completed,6,4000,1500,token,96,20,64,4,2,cuda,1387540,9.22160870002699,1.5931116342544556,,0.9995680153369904,154.3525390625,0.31,0.2877619809809572,2.3191607892513275,0.2400459000200498,0.9993754345923662,16.987215200002538
twenty_news,sklearn:20newsgroups,softmax,3,completed,6,4000,1500,token,96,20,64,4,2,cuda,1387540,8.931625199998962,1.6821881532669067,,0.9999422430992126,154.3525390625,0.2906666666666667,0.2765505255863288,2.347634017467499,0.2071448999922722,0.999867109581828,14.044692600000417
twenty_news,sklearn:20newsgroups,softmax,4,completed,6,4000,1500,token,96,20,64,4,2,cuda,1387540,9.176910400012275,1.8342915773391724,,0.9982866644859314,154.3525390625,0.3006666666666667,0.2848117627220219,2.360798731446266,0.209223900019424,0.9969822894781828,13.845669900008945
twenty_news,sklearn:20newsgroups,softmax,5,completed,6,4000,1500,token,96,20,64,4,2,cuda,1387540,8.931939800007967,1.6357157230377195,,0.9985997676849364,154.3525390625,0.3093333333333333,0.2957627236042319,2.291787251830101,0.2058348999998998,0.997482005506754,12.678305300010834
twenty_news,sklearn:20newsgroups,softmax,6,completed,6,4000,1500,token,96,20,64,4,2,cuda,1387540,8.813544100004947,1.528297781944275,,0.9987352788448334,154.3525390625,0.302,0.2831492467285286,2.342962145805359,0.2112751999811735,0.9984123893082142,13.357374699990032
twenty_news,sklearn:20newsgroups,softmax,7,completed,6,4000,1500,token,96,20,64,4,2,cuda,1387540,9.631987700005991,1.7355942726135254,,0.9997119605541228,154.3525390625,0.2966666666666667,0.2814995999721144,2.368222594261169,0.2116607000061776,0.999771373346448,13.696007999998985
twenty_news,sklearn:20newsgroups,softmax,8,completed,6,4000,1500,token,96,20,64,4,2,cuda,1387540,8.821372500009602,1.8111469745635984,,0.99977707862854,154.3525390625,0.3106666666666666,0.292685950960924,2.264779105782509,0.2051111000182572,0.999515611678362,13.97570729997824
twenty_news,sklearn:20newsgroups,softmax,9,completed,6,4000,1500,token,96,20,64,4,2,cuda,1387540,8.902951399999438,1.678485870361328,,0.9999386966228484,154.3525390625,0.292,0.2685662669876783,2.343398720026016,0.2062326000013854,0.9997610412538052,15.042118199984545
twenty_news,sklearn:20newsgroups,sparsemax,0,completed,6,4000,1500,token,96,20,64,4,2,cuda,1387540,16.77675459999591,1.5519423484802246,,0.1674132924526929,287.5517578125,0.324,0.3051580508537896,2.3393005058169365,0.5412330999970436,0.1571562938624993,23.38263300000108
twenty_news,sklearn:20newsgroups,sparsemax,1,completed,6,4000,1500,token,96,20,64,4,2,cuda,1387540,20.875966399995377,1.3247720003128052,,0.1435507275164127,287.5517578125,0.32,0.2978607976558961,2.3857086151838303,0.7505740000051446,0.1487306646304205,28.188557399989804
twenty_news,sklearn:20newsgroups,sparsemax,2,completed,6,4000,1500,token,96,20,64,4,2,cuda,1387540,20.309425799991004,1.3420512676239014,,0.1710308510810136,287.5517578125,0.3346666666666666,0.3163016171330504,2.3965636417269707,0.7225514000165276,0.1517009366070851,35.196319300011965
twenty_news,sklearn:20newsgroups,sparsemax,3,completed,6,4000,1500,token,96,20,64,4,2,cuda,1387540,22.538083199993707,1.2414655685424805,,0.1841049790382385,287.5517578125,0.3226666666666666,0.3121338390913746,2.4231985360383987,0.6158856000110973,0.1611827481538057,37.11700969998492
twenty_news,sklearn:20newsgroups,sparsemax,4,completed,6,4000,1500,token,96,20,64,4,2,cuda,1387540,18.97984980000183,1.6607027053833008,,0.1521747838705778,287.5517578125,0.3073333333333333,0.2925377689429748,2.4415856152772903,0.6221163999871351,0.1553984230849892,31.96411070000613
twenty_news,sklearn:20newsgroups,sparsemax,5,completed,6,4000,1500,token,96,20,64,4,2,cuda,1387540,16.661142500001006,1.4903653860092163,,0.1519104093313217,287.5517578125,0.33,0.3204104236714527,2.283850267529488,0.5451592000026722,0.1531849964521825,23.0399964999815
twenty_news,sklearn:20newsgroups,sparsemax,6,completed,6,4000,1500,token,96,20,64,4,2,cuda,1387540,16.52562939998461,1.1051491498947144,,0.1402380727231502,287.5517578125,0.3086666666666666,0.2911375091092802,2.3932427018880844,0.5516895999899134,0.1608835561200976,24.135110800008988
twenty_news,sklearn:20newsgroups,sparsemax,7,completed,6,4000,1500,token,96,20,64,4,2,cuda,1387540,16.671152800001437,1.135668396949768,,0.1570559702813625,287.5517578125,0.3233333333333333,0.3074892068424205,2.438971556723118,0.5496215999883134,0.1665821495698765,23.152697699988494
twenty_news,sklearn:20newsgroups,sparsemax,8,completed,6,4000,1500,token,96,20,64,4,2,cuda,1387540,16.78703969999333,1.3267772197723389,,0.1369232051074504,287.5517578125,0.3573333333333333,0.3353328339772366,2.255052700638771,0.5478199000062887,0.1455407636240124,22.09524100000272
twenty_news,sklearn:20newsgroups,sparsemax,9,completed,6,4000,1500,token,96,20,64,4,2,cuda,1387540,17.075520099984715,1.1738831996917725,,0.1539282016456127,287.5517578125,0.328,0.3201186007070239,2.3793470710515976,0.5451242000272032,0.1556020436109975,23.08032769997953
twenty_news,sklearn:20newsgroups,topk_softmax_0125,0,completed,6,4000,1500,token,96,20,64,4,2,cuda,1387540,13.902280100010104,1.6224486827850342,,0.1340206265449524,168.98828125,0.3266666666666666,0.3097047809456976,2.275601007044316,0.5000582000066061,0.1340203322470188,19.93008540000301
twenty_news,sklearn:20newsgroups,topk_softmax_0125,1,completed,6,4000,1500,token,96,20,64,4,2,cuda,1387540,15.87926850002259,1.504134178161621,,0.1340206265449524,168.98828125,0.328,0.312575142397738,2.313741758465767,0.5254908000060823,0.1340206265449524,22.794588500022652
twenty_news,sklearn:20newsgroups,topk_softmax_0125,2,completed,6,4000,1500,token,96,20,64,4,2,cuda,1387540,21.305664999992587,1.500044345855713,,0.1340206265449524,168.98828125,0.3273333333333333,0.3081178581049706,2.2993166148662567,0.6371332999842707,0.1340198032557964,36.9932487999904
twenty_news,sklearn:20newsgroups,topk_softmax_0125,3,completed,6,4000,1500,token,96,20,64,4,2,cuda,1387540,22.978662399982568,1.5385127067565918,,0.1340206265449524,168.98828125,0.3166666666666666,0.308042794021313,2.347326308488846,0.6409362999838777,0.1340206176973879,38.77326820002054
twenty_news,sklearn:20newsgroups,topk_softmax_0125,4,completed,6,4000,1500,token,96,20,64,4,2,cuda,1387540,21.87421780001023,1.808321833610535,,0.1340206265449524,168.98828125,0.3166666666666666,0.3021317695088061,2.319533810019493,0.6227023999963421,0.134020522236824,38.8066370000015
twenty_news,sklearn:20newsgroups,topk_softmax_0125,5,completed,6,4000,1500,token,96,20,64,4,2,cuda,1387540,13.570708799990824,1.542567253112793,,0.1340206265449524,168.98828125,0.354,0.3382866854909696,2.229015216231346,0.517858500010334,0.1340205487795174,17.871006500005024
twenty_news,sklearn:20newsgroups,topk_softmax_0125,6,completed,6,4000,1500,token,96,20,64,4,2,cuda,1387540,14.102434400003403,1.4894665479660034,,0.1340206265449524,168.98828125,0.3166666666666666,0.2905473891610399,2.303974717855453,0.5017602999869268,0.1340206265449524,19.975481300003597
twenty_news,sklearn:20newsgroups,topk_softmax_0125,7,completed,6,4000,1500,token,96,20,64,4,2,cuda,1387540,13.583269899972947,1.3940140008926392,,0.1340206265449524,168.98828125,0.304,0.2917955158630235,2.3599868565797806,0.4926446999888867,0.1340204877778887,19.31865600001765
twenty_news,sklearn:20newsgroups,topk_softmax_0125,8,completed,6,4000,1500,token,96,20,64,4,2,cuda,1387540,13.44573439998203,1.5527633428573608,,0.1340206265449524,168.98828125,0.3453333333333333,0.3250806694228224,2.1835897341370583,0.4725768000062089,0.1340206265449524,19.64012950001052
twenty_news,sklearn:20newsgroups,topk_softmax_0125,9,completed,6,4000,1500,token,96,20,64,4,2,cuda,1387540,13.852584200009003,1.4767725467681885,,0.1340206265449524,168.98828125,0.3473333333333333,0.3364548976994646,2.254540294408798,0.5669088000140619,0.1340206265449524,18.242588299995987
twenty_news,sklearn:20newsgroups,topk_softmax_025,0,completed,6,4000,1500,token,96,20,64,4,2,cuda,1387540,25.544185400009155,1.6991901397705078,,0.2577211260795593,177.46875,0.354,0.3333670626660209,2.238421931862831,0.6214921999780927,0.257497607730329,45.902055799990194
twenty_news,sklearn:20newsgroups,topk_softmax_025,1,completed,6,4000,1500,token,96,20,64,4,2,cuda,1387540,15.387209900014568,1.5522326231002808,,0.2577319741249084,177.46875,0.3173333333333333,0.3000241517750973,2.2794677019119263,0.4736464999732561,0.2577313939109444,33.8697300000058
twenty_news,sklearn:20newsgroups,topk_softmax_025,2,completed,6,4000,1500,token,96,20,64,4,2,cuda,1387540,13.917705200001365,1.454231023788452,,0.2577319741249084,177.46875,0.3426666666666667,0.325312501461569,2.2893080562353134,0.517369899986079,0.2577297920361161,27.59680010000011
twenty_news,sklearn:20newsgroups,topk_softmax_025,3,completed,6,4000,1500,token,96,20,64,4,2,cuda,1387540,13.693129600025712,1.5997658967971802,,0.2577319741249084,177.46875,0.318,0.3061395880197461,2.2994068264961243,0.4973120999929961,0.2577317394316196,20.436227500002133
twenty_news,sklearn:20newsgroups,topk_softmax_025,4,completed,6,4000,1500,token,96,20,64,4,2,cuda,1387540,14.334900399990149,1.7787007093429563,,0.2577297538518905,177.46875,0.328,0.3071850879320446,2.286219030618668,0.5593257000145968,0.2577082347124815,21.03143280002405
twenty_news,sklearn:20newsgroups,topk_softmax_025,5,completed,6,4000,1500,token,96,20,64,4,2,cuda,1387540,13.954005900013726,1.4442613124847412,,0.2577319741249084,177.46875,0.3493333333333333,0.3329605759567653,2.175369754433632,0.502081199985696,0.2577312709763646,20.67243510001572
twenty_news,sklearn:20newsgroups,topk_softmax_025,6,completed,6,4000,1500,token,96,20,64,4,2,cuda,1387540,14.251302799995756,1.4575603008270264,,0.2577319741249084,177.46875,0.308,0.2866262105332869,2.300947338342666,0.5240449999982957,0.2577297147363424,19.52083400002448
twenty_news,sklearn:20newsgroups,topk_softmax_025,7,completed,6,4000,1500,token,96,20,64,4,2,cuda,1387540,14.26218710001558,1.3795390129089355,,0.2577319741249084,177.46875,0.3146666666666666,0.3025020886662394,2.355549618601799,0.4923080000153277,0.2577317655086517,18.825824600004125
twenty_news,sklearn:20newsgroups,topk_softmax_025,8,completed,6,4000,1500,token,96,20,64,4,2,cuda,1387540,14.171675800025696,1.6037918329238892,,0.2577319741249084,177.46875,0.3186666666666666,0.2967201430177471,2.252160258591175,0.4960553999990225,0.2577319741249084,18.727601599995975
twenty_news,sklearn:20newsgroups,topk_softmax_025,9,completed,6,4000,1500,token,96,20,64,4,2,cuda,1387540,14.000597500009462,1.4405434131622314,,0.2577310800552368,177.46875,0.3433333333333333,0.3375110036836478,2.233917608857155,0.5132126999960747,0.2577298395335674,18.68613299998105
twenty_news,sklearn:20newsgroups,topk_softmax_05,0,completed,6,4000,1500,token,96,20,64,4,2,cuda,1387540,29.717193699994823,1.630265712738037,,0.5042109787464142,195.10107421875,0.3466666666666667,0.3313372514956551,2.22495411336422,0.9964650000038092,0.5028889607638121,49.32722000000649
twenty_news,sklearn:20newsgroups,topk_softmax_05,1,completed,6,4000,1500,token,96,20,64,4,2,cuda,1387540,25.573820299992803,1.5393749475479126,,0.5048712491989136,195.10107421875,0.326,0.3039500096226046,2.250689521431923,0.9237212000007275,0.5049965791404247,45.46145490001072
twenty_news,sklearn:20newsgroups,topk_softmax_05,2,completed,6,4000,1500,token,96,20,64,4,2,cuda,1387540,18.74410849998821,1.3280394077301023,,0.5051340758800507,195.10107421875,0.328,0.3061072097711643,2.250098928809166,0.6149554000003263,0.5051085986196995,36.97809109999798
twenty_news,sklearn:20newsgroups,topk_softmax_05,3,completed,6,4000,1500,token,96,20,64,4,2,cuda,1387540,15.80490469999495,1.4994635581970217,,0.5051546692848206,195.10107421875,0.324,0.3100685741776884,2.2807789593935013,0.6581961000047158,0.5051521174609661,26.272604800004046
twenty_news,sklearn:20newsgroups,topk_softmax_05,4,completed,6,4000,1500,token,96,20,64,4,2,cuda,1387540,16.103438999998616,1.857463002204895,,0.5051274299621582,195.10107421875,0.318,0.2912193980749495,2.295184850692749,0.6601746000233106,0.5050277318805456,21.614078899991
twenty_news,sklearn:20newsgroups,topk_softmax_05,5,completed,6,4000,1500,token,96,20,64,4,2,cuda,1387540,16.795443599985447,1.3996018171310425,,0.504927009344101,195.10107421875,0.3666666666666666,0.3527060006772934,2.202477805316448,0.6574795999913476,0.5047407988458872,21.52070759999333
twenty_news,sklearn:20newsgroups,topk_softmax_05,6,completed,6,4000,1500,token,96,20,64,4,2,cuda,1387540,18.044843000010587,1.468430519104004,,0.505133181810379,195.10107421875,0.3133333333333333,0.2956012359150132,2.2669735699892044,0.6605466999753844,0.5050895716995001,22.612543399998685
twenty_news,sklearn:20newsgroups,topk_softmax_05,7,completed,6,4000,1500,token,96,20,64,4,2,cuda,1387540,16.910885299992515,1.52092707157135,,0.5051491260528564,195.10107421875,0.2946666666666667,0.283876757467212,2.340839326381684,0.6683890999993309,0.5051467251032591,22.19945719998213
twenty_news,sklearn:20newsgroups,topk_softmax_05,8,completed,6,4000,1500,token,96,20,64,4,2,cuda,1387540,17.090456100006122,1.6758426427841189,,0.5051524341106415,195.10107421875,0.338,0.3205314284514984,2.2094787284731865,0.6566100000054576,0.5051099378615618,21.54858840000816
twenty_news,sklearn:20newsgroups,topk_softmax_05,9,completed,6,4000,1500,token,96,20,64,4,2,cuda,1387540,16.29348910000408,1.3544425964355469,,0.5051489174365997,195.10107421875,0.3273333333333333,0.3219597264952673,2.266632661223412,0.6488891000044532,0.5051284600049257,22.70923310000217
